"","carrier","dest","origin","weather","dayweek","delay","sched"
"1","OH","JFK","BWI",0,4,"ontime","14"
"2","DH","JFK","DCA",0,4,"ontime","16"
"3","DH","LGA","IAD",0,4,"ontime","12"
"4","DH","LGA","IAD",0,4,"ontime","17"
"5","DH","LGA","IAD",0,4,"ontime","10"
"6","DH","JFK","IAD",0,4,"ontime","8"
"7","DH","JFK","IAD",0,4,"ontime","12"
"8","DH","JFK","IAD",0,4,"ontime","16"
"9","DH","JFK","IAD",0,4,"ontime","17"
"10","DH","JFK","IAD",0,4,"ontime","21"
"11","DH","LGA","IAD",0,4,"ontime","21"
"12","DL","JFK","DCA",0,4,"ontime","14"
"13","DL","LGA","DCA",0,4,"ontime","9"
"14","DL","LGA","DCA",0,4,"ontime","12"
"15","DL","LGA","DCA",0,4,"ontime","14"
"16","DL","LGA","DCA",0,4,"ontime","17"
"17","DL","LGA","DCA",0,4,"ontime","20"
"18","MQ","JFK","DCA",0,4,"ontime","15"
"19","MQ","JFK","DCA",0,4,"ontime","6"
"20","MQ","JFK","DCA",0,4,"ontime","18"
"21","MQ","LGA","DCA",0,4,"ontime","9"
"22","MQ","LGA","DCA",0,4,"ontime","13"
"23","MQ","LGA","DCA",0,4,"ontime","14"
"24","MQ","LGA","DCA",0,4,"ontime","15"
"25","MQ","LGA","DCA",0,4,"ontime","19"
"26","UA","LGA","IAD",0,4,"ontime","8"
"27","US","LGA","DCA",0,4,"ontime","9"
"28","US","LGA","DCA",0,4,"ontime","11"
"29","US","LGA","DCA",0,4,"ontime","13"
"30","US","LGA","DCA",0,4,"ontime","15"
"31","US","LGA","DCA",0,4,"ontime","17"
"32","US","LGA","DCA",0,4,"ontime","21"
"33","RU","EWR","BWI",0,4,"ontime","14"
"34","RU","EWR","BWI",0,4,"ontime","17"
"35","RU","EWR","BWI",0,4,"ontime","10"
"36","RU","EWR","BWI",0,4,"ontime","7"
"37","CO","EWR","DCA",0,4,"ontime","13"
"38","CO","EWR","DCA",0,4,"ontime","17"
"39","DH","EWR","IAD",0,4,"ontime","8"
"40","DH","EWR","IAD",0,4,"ontime","17"
"41","DH","EWR","IAD",0,4,"ontime","12"
"42","DH","EWR","IAD",0,4,"ontime","21"
"43","RU","EWR","IAD",0,4,"ontime","17"
"44","RU","EWR","IAD",0,4,"ontime","19"
"45","RU","EWR","DCA",0,4,"ontime","15"
"46","RU","EWR","DCA",0,4,"ontime","19"
"47","RU","EWR","DCA",0,4,"ontime","14"
"48","RU","EWR","IAD",0,4,"ontime","15"
"49","RU","EWR","IAD",0,4,"ontime","13"
"50","RU","EWR","DCA",0,4,"ontime","16"
"51","OH","JFK","BWI",0,5,"ontime","14"
"52","DH","JFK","DCA",0,5,"ontime","16"
"53","DH","LGA","IAD",0,5,"ontime","12"
"54","DH","LGA","IAD",0,5,"delayed","14"
"55","DH","LGA","IAD",0,5,"ontime","17"
"56","DH","LGA","IAD",0,5,"ontime","6"
"57","DH","LGA","IAD",0,5,"delayed","10"
"58","DH","JFK","IAD",0,5,"ontime","8"
"59","DH","JFK","IAD",0,5,"ontime","12"
"60","DH","JFK","IAD",0,5,"ontime","14"
"61","DH","JFK","IAD",0,5,"ontime","16"
"62","DH","JFK","IAD",0,5,"ontime","17"
"63","DH","JFK","IAD",0,5,"delayed","21"
"64","DH","JFK","IAD",0,5,"ontime","16"
"65","DH","LGA","IAD",0,5,"ontime","21"
"66","DL","JFK","DCA",0,5,"ontime","14"
"67","DL","LGA","DCA",0,5,"ontime","9"
"68","DL","LGA","DCA",0,5,"ontime","12"
"69","DL","LGA","DCA",0,5,"ontime","14"
"70","DL","LGA","DCA",0,5,"ontime","17"
"71","DL","LGA","DCA",0,5,"ontime","20"
"72","MQ","JFK","DCA",0,5,"ontime","15"
"73","MQ","JFK","DCA",0,5,"ontime","6"
"74","MQ","JFK","DCA",0,5,"ontime","18"
"75","MQ","LGA","DCA",0,5,"ontime","9"
"76","MQ","LGA","DCA",0,5,"ontime","11"
"77","MQ","LGA","DCA",0,5,"ontime","13"
"78","MQ","LGA","DCA",0,5,"ontime","14"
"79","MQ","LGA","DCA",0,5,"ontime","15"
"80","UA","LGA","IAD",0,5,"ontime","8"
"81","US","LGA","DCA",0,5,"ontime","7"
"82","US","LGA","DCA",0,5,"ontime","9"
"83","US","LGA","DCA",0,5,"ontime","11"
"84","US","LGA","DCA",0,5,"ontime","13"
"85","US","LGA","DCA",0,5,"ontime","15"
"86","US","LGA","DCA",0,5,"ontime","17"
"87","US","LGA","DCA",0,5,"ontime","19"
"88","US","LGA","DCA",0,5,"ontime","21"
"89","RU","EWR","BWI",0,5,"ontime","17"
"90","RU","EWR","BWI",0,5,"ontime","10"
"91","RU","EWR","BWI",0,5,"ontime","7"
"92","RU","EWR","BWI",0,5,"ontime","14"
"93","CO","EWR","DCA",0,5,"ontime","17"
"94","CO","EWR","DCA",0,5,"ontime","13"
"95","CO","EWR","DCA",0,5,"ontime","7"
"96","DH","EWR","IAD",0,5,"ontime","8"
"97","DH","EWR","IAD",0,5,"delayed","12"
"98","DH","EWR","IAD",0,5,"delayed","14"
"99","DH","EWR","IAD",0,5,"ontime","6"
"100","RU","EWR","DCA",0,5,"ontime","16"
"101","RU","EWR","IAD",0,5,"ontime","7"
"102","RU","EWR","DCA",0,5,"ontime","9"
"103","RU","EWR","DCA",0,5,"ontime","7"
"104","RU","EWR","IAD",0,5,"ontime","17"
"105","RU","EWR","IAD",0,5,"ontime","19"
"106","RU","EWR","IAD",0,5,"ontime","13"
"107","RU","EWR","IAD",0,5,"ontime","9"
"108","RU","EWR","DCA",0,5,"ontime","19"
"109","RU","EWR","DCA",0,5,"ontime","21"
"110","RU","EWR","DCA",0,5,"ontime","14"
"111","RU","EWR","IAD",0,5,"delayed","15"
"112","RU","EWR","DCA",0,5,"ontime","15"
"113","DH","LGA","IAD",0,6,"ontime","12"
"114","DH","LGA","IAD",0,6,"ontime","17"
"115","DH","LGA","IAD",0,6,"ontime","6"
"116","DH","LGA","IAD",0,6,"ontime","10"
"117","DH","JFK","IAD",0,6,"ontime","8"
"118","DH","JFK","IAD",0,6,"ontime","12"
"119","DH","JFK","IAD",0,6,"ontime","14"
"120","DH","JFK","IAD",0,6,"ontime","16"
"121","DH","JFK","IAD",0,6,"ontime","17"
"122","DH","JFK","IAD",0,6,"delayed","21"
"123","DH","JFK","IAD",0,6,"ontime","16"
"124","DH","LGA","IAD",0,6,"ontime","21"
"125","DL","JFK","DCA",0,6,"delayed","14"
"126","DL","LGA","DCA",0,6,"ontime","8"
"127","DL","LGA","DCA",0,6,"ontime","10"
"128","DL","LGA","DCA",0,6,"ontime","12"
"129","DL","LGA","DCA",0,6,"ontime","14"
"130","DL","LGA","DCA",0,6,"ontime","16"
"131","DL","LGA","DCA",0,6,"ontime","18"
"132","DL","LGA","DCA",0,6,"ontime","20"
"133","MQ","JFK","DCA",0,6,"delayed","15"
"134","MQ","JFK","DCA",0,6,"ontime","6"
"135","MQ","JFK","DCA",0,6,"ontime","18"
"136","MQ","LGA","DCA",0,6,"ontime","9"
"137","MQ","LGA","DCA",0,6,"ontime","13"
"138","UA","LGA","IAD",0,6,"ontime","8"
"139","US","LGA","DCA",0,6,"ontime","7"
"140","US","LGA","DCA",0,6,"ontime","9"
"141","US","LGA","DCA",0,6,"ontime","11"
"142","US","LGA","DCA",0,6,"ontime","13"
"143","US","LGA","DCA",0,6,"ontime","15"
"144","US","LGA","DCA",0,6,"ontime","17"
"145","US","LGA","DCA",0,6,"ontime","19"
"146","RU","EWR","BWI",0,6,"ontime","17"
"147","RU","EWR","BWI",0,6,"ontime","7"
"148","RU","EWR","BWI",0,6,"ontime","10"
"149","RU","EWR","BWI",0,6,"ontime","14"
"150","CO","EWR","DCA",0,6,"ontime","13"
"151","DH","EWR","IAD",0,6,"delayed","8"
"152","DH","EWR","IAD",0,6,"ontime","17"
"153","DH","EWR","IAD",0,6,"delayed","12"
"154","DH","EWR","IAD",0,6,"ontime","21"
"155","DH","EWR","IAD",0,6,"ontime","6"
"156","RU","EWR","IAD",0,6,"ontime","17"
"157","RU","EWR","DCA",0,6,"ontime","14"
"158","RU","EWR","IAD",0,6,"ontime","7"
"159","RU","EWR","DCA",0,6,"ontime","9"
"160","RU","EWR","DCA",0,6,"ontime","17"
"161","RU","EWR","DCA",0,6,"ontime","16"
"162","RU","EWR","IAD",0,6,"ontime","15"
"163","RU","EWR","DCA",0,6,"ontime","7"
"164","OH","JFK","BWI",0,7,"delayed","14"
"165","DH","JFK","DCA",0,7,"ontime","16"
"166","DH","LGA","IAD",0,7,"ontime","12"
"167","DH","LGA","IAD",0,7,"delayed","14"
"168","DH","LGA","IAD",0,7,"delayed","17"
"169","DH","LGA","IAD",0,7,"ontime","6"
"170","DH","LGA","IAD",0,7,"ontime","10"
"171","DH","JFK","IAD",0,7,"ontime","8"
"172","DH","JFK","IAD",0,7,"ontime","12"
"173","DH","JFK","IAD",0,7,"ontime","14"
"174","DH","JFK","IAD",0,7,"ontime","16"
"175","DH","JFK","IAD",0,7,"ontime","17"
"176","DH","JFK","IAD",0,7,"ontime","21"
"177","DH","JFK","IAD",0,7,"ontime","16"
"178","DH","LGA","IAD",0,7,"ontime","21"
"179","DL","JFK","DCA",0,7,"ontime","14"
"180","DL","LGA","DCA",0,7,"ontime","8"
"181","DL","LGA","DCA",0,7,"ontime","10"
"182","DL","LGA","DCA",0,7,"ontime","12"
"183","DL","LGA","DCA",0,7,"ontime","14"
"184","DL","LGA","DCA",0,7,"ontime","16"
"185","DL","LGA","DCA",0,7,"ontime","18"
"186","DL","LGA","DCA",0,7,"ontime","20"
"187","MQ","JFK","DCA",0,7,"delayed","15"
"188","MQ","JFK","DCA",0,7,"ontime","6"
"189","MQ","JFK","DCA",0,7,"ontime","7"
"190","MQ","JFK","DCA",0,7,"delayed","18"
"191","MQ","LGA","DCA",0,7,"ontime","13"
"192","MQ","LGA","DCA",0,7,"delayed","15"
"193","MQ","LGA","DCA",0,7,"ontime","17"
"194","MQ","LGA","DCA",0,7,"delayed","19"
"195","UA","LGA","IAD",0,7,"ontime","8"
"196","US","LGA","DCA",0,7,"ontime","9"
"197","US","LGA","DCA",0,7,"ontime","10"
"198","US","LGA","DCA",0,7,"ontime","11"
"199","US","LGA","DCA",0,7,"ontime","12"
"200","US","LGA","DCA",0,7,"ontime","13"
"201","US","LGA","DCA",0,7,"ontime","14"
"202","US","LGA","DCA",0,7,"ontime","15"
"203","US","LGA","DCA",0,7,"ontime","16"
"204","US","LGA","DCA",0,7,"ontime","17"
"205","US","LGA","DCA",0,7,"ontime","18"
"206","US","LGA","DCA",0,7,"ontime","19"
"207","US","LGA","DCA",0,7,"ontime","20"
"208","US","LGA","DCA",0,7,"ontime","21"
"209","RU","EWR","BWI",0,7,"delayed","14"
"210","RU","EWR","BWI",0,7,"delayed","13"
"211","RU","EWR","BWI",0,7,"delayed","16"
"212","RU","EWR","BWI",0,7,"delayed","10"
"213","CO","EWR","DCA",0,7,"ontime","13"
"214","CO","EWR","DCA",0,7,"delayed","16"
"215","DH","EWR","IAD",0,7,"ontime","8"
"216","DH","EWR","IAD",0,7,"delayed","17"
"217","DH","EWR","IAD",0,7,"delayed","12"
"218","DH","EWR","IAD",0,7,"delayed","21"
"219","DH","EWR","IAD",0,7,"delayed","14"
"220","RU","EWR","DCA",0,7,"delayed","17"
"221","RU","EWR","DCA",0,7,"ontime","9"
"222","RU","EWR","IAD",0,7,"ontime","9"
"223","RU","EWR","IAD",0,7,"delayed","19"
"224","RU","EWR","DCA",0,7,"delayed","14"
"225","RU","EWR","DCA",0,7,"delayed","19"
"226","RU","EWR","IAD",0,7,"delayed","15"
"227","OH","JFK","BWI",0,1,"delayed","14"
"228","DH","JFK","DCA",0,1,"delayed","16"
"229","DH","LGA","IAD",0,1,"delayed","12"
"230","DH","LGA","IAD",0,1,"delayed","14"
"231","DH","LGA","IAD",0,1,"delayed","17"
"232","DH","LGA","IAD",0,1,"delayed","6"
"233","DH","LGA","IAD",0,1,"ontime","10"
"234","DH","JFK","IAD",0,1,"delayed","8"
"235","DH","JFK","IAD",0,1,"delayed","12"
"236","DH","JFK","IAD",0,1,"ontime","16"
"237","DH","JFK","IAD",0,1,"ontime","17"
"238","DH","JFK","IAD",0,1,"delayed","21"
"239","DH","JFK","IAD",0,1,"delayed","16"
"240","DH","LGA","IAD",0,1,"ontime","21"
"241","DL","JFK","DCA",0,1,"ontime","14"
"242","DL","LGA","DCA",0,1,"ontime","6"
"243","DL","LGA","DCA",0,1,"ontime","7"
"244","DL","LGA","DCA",0,1,"ontime","8"
"245","DL","LGA","DCA",0,1,"ontime","9"
"246","DL","LGA","DCA",0,1,"ontime","10"
"247","DL","LGA","DCA",0,1,"ontime","11"
"248","DL","LGA","DCA",0,1,"ontime","12"
"249","DL","LGA","DCA",0,1,"ontime","13"
"250","DL","LGA","DCA",0,1,"ontime","14"
"251","DL","LGA","DCA",0,1,"ontime","16"
"252","DL","LGA","DCA",0,1,"ontime","17"
"253","DL","LGA","DCA",0,1,"ontime","18"
"254","DL","LGA","DCA",0,1,"delayed","19"
"255","DL","LGA","DCA",0,1,"ontime","20"
"256","MQ","JFK","DCA",0,1,"ontime","15"
"257","MQ","JFK","DCA",0,1,"ontime","6"
"258","MQ","LGA","DCA",0,1,"ontime","7"
"259","MQ","LGA","DCA",0,1,"ontime","8"
"260","MQ","LGA","DCA",0,1,"ontime","9"
"261","MQ","LGA","DCA",0,1,"ontime","11"
"262","MQ","LGA","DCA",0,1,"ontime","13"
"263","MQ","LGA","DCA",0,1,"delayed","16"
"264","MQ","LGA","DCA",0,1,"ontime","17"
"265","MQ","LGA","DCA",0,1,"delayed","19"
"266","UA","LGA","IAD",0,1,"ontime","8"
"267","US","LGA","DCA",0,1,"delayed","6"
"268","US","LGA","DCA",0,1,"ontime","7"
"269","US","LGA","DCA",0,1,"ontime","8"
"270","US","LGA","DCA",0,1,"ontime","9"
"271","US","LGA","DCA",0,1,"ontime","10"
"272","US","LGA","DCA",0,1,"ontime","11"
"273","US","LGA","DCA",0,1,"ontime","12"
"274","US","LGA","DCA",0,1,"ontime","13"
"275","US","LGA","DCA",0,1,"ontime","14"
"276","US","LGA","DCA",0,1,"ontime","15"
"277","US","LGA","DCA",0,1,"ontime","16"
"278","US","LGA","DCA",0,1,"ontime","17"
"279","US","LGA","DCA",0,1,"ontime","18"
"280","US","LGA","DCA",0,1,"ontime","19"
"281","US","LGA","DCA",0,1,"ontime","20"
"282","US","LGA","DCA",0,1,"ontime","21"
"283","RU","EWR","BWI",0,1,"delayed","7"
"284","RU","EWR","BWI",0,1,"delayed","14"
"285","RU","EWR","BWI",0,1,"delayed","10"
"286","CO","EWR","DCA",0,1,"delayed","13"
"287","CO","EWR","DCA",0,1,"ontime","7"
"288","CO","EWR","DCA",0,1,"delayed","17"
"289","DH","EWR","IAD",0,1,"ontime","8"
"290","DH","EWR","IAD",0,1,"delayed","17"
"291","DH","EWR","IAD",0,1,"delayed","12"
"292","DH","EWR","IAD",0,1,"delayed","21"
"293","DH","EWR","IAD",0,1,"delayed","14"
"294","DH","EWR","IAD",0,1,"ontime","6"
"295","RU","EWR","DCA",0,1,"ontime","7"
"296","RU","EWR","DCA",0,1,"delayed","9"
"297","RU","EWR","IAD",0,1,"delayed","13"
"298","RU","EWR","DCA",0,1,"ontime","21"
"299","RU","EWR","IAD",0,1,"ontime","7"
"300","RU","EWR","DCA",0,1,"delayed","14"
"301","RU","EWR","DCA",0,1,"delayed","19"
"302","RU","EWR","IAD",0,1,"delayed","15"
"303","RU","EWR","IAD",0,1,"ontime","9"
"304","RU","EWR","DCA",0,1,"delayed","15"
"305","OH","JFK","BWI",0,2,"ontime","14"
"306","DH","LGA","IAD",0,2,"ontime","12"
"307","DH","LGA","IAD",0,2,"ontime","14"
"308","DH","LGA","IAD",0,2,"ontime","17"
"309","DH","LGA","IAD",0,2,"ontime","6"
"310","DH","LGA","IAD",0,2,"ontime","10"
"311","DH","JFK","IAD",0,2,"ontime","8"
"312","DH","JFK","IAD",0,2,"ontime","12"
"313","DH","JFK","IAD",0,2,"ontime","14"
"314","DH","JFK","IAD",0,2,"ontime","16"
"315","DH","JFK","IAD",0,2,"delayed","17"
"316","DH","JFK","IAD",0,2,"delayed","21"
"317","DH","JFK","IAD",0,2,"ontime","16"
"318","DH","LGA","IAD",0,2,"ontime","21"
"319","DL","JFK","DCA",0,2,"ontime","14"
"320","DL","LGA","DCA",0,2,"ontime","6"
"321","DL","LGA","DCA",0,2,"ontime","7"
"322","DL","LGA","DCA",0,2,"ontime","8"
"323","DL","LGA","DCA",0,2,"ontime","9"
"324","DL","LGA","DCA",0,2,"ontime","10"
"325","DL","LGA","DCA",0,2,"ontime","11"
"326","DL","LGA","DCA",0,2,"ontime","12"
"327","DL","LGA","DCA",0,2,"ontime","13"
"328","DL","LGA","DCA",0,2,"ontime","14"
"329","DL","LGA","DCA",0,2,"ontime","15"
"330","DL","LGA","DCA",0,2,"ontime","16"
"331","DL","LGA","DCA",0,2,"ontime","17"
"332","DL","LGA","DCA",0,2,"ontime","18"
"333","DL","LGA","DCA",0,2,"ontime","19"
"334","DL","LGA","DCA",0,2,"ontime","20"
"335","MQ","JFK","DCA",0,2,"ontime","15"
"336","MQ","JFK","DCA",0,2,"ontime","6"
"337","MQ","JFK","DCA",0,2,"ontime","18"
"338","MQ","LGA","DCA",0,2,"ontime","7"
"339","MQ","LGA","DCA",0,2,"ontime","8"
"340","MQ","LGA","DCA",0,2,"ontime","9"
"341","MQ","LGA","DCA",0,2,"ontime","11"
"342","MQ","LGA","DCA",0,2,"ontime","13"
"343","MQ","LGA","DCA",0,2,"ontime","14"
"344","MQ","LGA","DCA",0,2,"delayed","15"
"345","MQ","LGA","DCA",0,2,"ontime","16"
"346","MQ","LGA","DCA",0,2,"ontime","17"
"347","MQ","LGA","DCA",0,2,"ontime","19"
"348","UA","LGA","IAD",0,2,"ontime","8"
"349","US","LGA","DCA",0,2,"ontime","6"
"350","US","LGA","DCA",0,2,"ontime","7"
"351","US","LGA","DCA",0,2,"ontime","8"
"352","US","LGA","DCA",0,2,"ontime","9"
"353","US","LGA","DCA",0,2,"ontime","10"
"354","US","LGA","DCA",0,2,"ontime","11"
"355","US","LGA","DCA",0,2,"ontime","12"
"356","US","LGA","DCA",0,2,"ontime","13"
"357","US","LGA","DCA",0,2,"ontime","14"
"358","US","LGA","DCA",0,2,"ontime","15"
"359","US","LGA","DCA",0,2,"ontime","16"
"360","US","LGA","DCA",0,2,"ontime","17"
"361","US","LGA","DCA",0,2,"ontime","18"
"362","US","LGA","DCA",0,2,"ontime","19"
"363","US","LGA","DCA",0,2,"ontime","20"
"364","US","LGA","DCA",0,2,"ontime","21"
"365","RU","EWR","BWI",0,2,"ontime","14"
"366","RU","EWR","BWI",0,2,"delayed","17"
"367","RU","EWR","BWI",0,2,"ontime","7"
"368","RU","EWR","BWI",0,2,"ontime","10"
"369","CO","EWR","DCA",0,2,"delayed","17"
"370","CO","EWR","DCA",0,2,"ontime","13"
"371","CO","EWR","DCA",0,2,"delayed","19"
"372","CO","EWR","DCA",0,2,"ontime","7"
"373","DH","EWR","IAD",0,2,"ontime","8"
"374","DH","EWR","IAD",0,2,"ontime","17"
"375","DH","EWR","IAD",0,2,"ontime","12"
"376","DH","EWR","IAD",0,2,"ontime","21"
"377","DH","EWR","IAD",0,2,"ontime","14"
"378","DH","EWR","IAD",0,2,"ontime","6"
"379","RU","EWR","DCA",0,2,"delayed","21"
"380","RU","EWR","DCA",0,2,"ontime","9"
"381","RU","EWR","IAD",0,2,"delayed","19"
"382","RU","EWR","IAD",0,2,"ontime","15"
"383","RU","EWR","IAD",0,2,"ontime","7"
"384","RU","EWR","DCA",0,2,"delayed","15"
"385","RU","EWR","IAD",0,2,"ontime","13"
"386","RU","EWR","DCA",0,2,"ontime","13"
"387","RU","EWR","IAD",0,2,"ontime","17"
"388","RU","EWR","DCA",0,2,"ontime","16"
"389","RU","EWR","DCA",0,2,"ontime","6"
"390","OH","JFK","BWI",0,3,"ontime","14"
"391","DH","JFK","DCA",0,3,"ontime","16"
"392","DH","LGA","IAD",0,3,"ontime","12"
"393","DH","LGA","IAD",0,3,"ontime","14"
"394","DH","LGA","IAD",0,3,"delayed","17"
"395","DH","LGA","IAD",0,3,"ontime","6"
"396","DH","LGA","IAD",0,3,"ontime","10"
"397","DH","JFK","IAD",0,3,"ontime","8"
"398","DH","JFK","IAD",0,3,"ontime","12"
"399","DH","JFK","IAD",0,3,"ontime","14"
"400","DH","JFK","IAD",0,3,"ontime","16"
"401","DH","JFK","IAD",0,3,"delayed","17"
"402","DH","JFK","IAD",0,3,"ontime","21"
"403","DH","JFK","IAD",0,3,"ontime","16"
"404","DL","JFK","DCA",0,3,"ontime","14"
"405","DL","LGA","DCA",0,3,"ontime","6"
"406","DL","LGA","DCA",0,3,"ontime","8"
"407","DL","LGA","DCA",0,3,"ontime","9"
"408","DL","LGA","DCA",0,3,"ontime","10"
"409","DL","LGA","DCA",0,3,"ontime","11"
"410","DL","LGA","DCA",0,3,"ontime","12"
"411","DL","LGA","DCA",0,3,"ontime","13"
"412","DL","LGA","DCA",0,3,"ontime","14"
"413","DL","LGA","DCA",0,3,"ontime","15"
"414","DL","LGA","DCA",0,3,"ontime","16"
"415","DL","LGA","DCA",0,3,"ontime","17"
"416","DL","LGA","DCA",0,3,"ontime","18"
"417","DL","LGA","DCA",0,3,"ontime","19"
"418","DL","LGA","DCA",0,3,"ontime","20"
"419","MQ","JFK","DCA",0,3,"ontime","15"
"420","MQ","JFK","DCA",0,3,"ontime","6"
"421","MQ","JFK","DCA",0,3,"delayed","18"
"422","MQ","LGA","DCA",0,3,"ontime","7"
"423","MQ","LGA","DCA",0,3,"ontime","8"
"424","MQ","LGA","DCA",0,3,"ontime","9"
"425","MQ","LGA","DCA",0,3,"ontime","11"
"426","MQ","LGA","DCA",0,3,"ontime","13"
"427","MQ","LGA","DCA",0,3,"ontime","14"
"428","MQ","LGA","DCA",0,3,"delayed","15"
"429","MQ","LGA","DCA",0,3,"delayed","16"
"430","MQ","LGA","DCA",0,3,"delayed","19"
"431","UA","LGA","IAD",0,3,"ontime","8"
"432","US","LGA","DCA",0,3,"ontime","6"
"433","US","LGA","DCA",0,3,"ontime","7"
"434","US","LGA","DCA",0,3,"ontime","8"
"435","US","LGA","DCA",0,3,"ontime","9"
"436","US","LGA","DCA",0,3,"ontime","10"
"437","US","LGA","DCA",0,3,"ontime","11"
"438","US","LGA","DCA",0,3,"ontime","12"
"439","US","LGA","DCA",0,3,"ontime","13"
"440","US","LGA","DCA",0,3,"ontime","14"
"441","US","LGA","DCA",0,3,"delayed","15"
"442","US","LGA","DCA",0,3,"delayed","16"
"443","US","LGA","DCA",0,3,"ontime","17"
"444","US","LGA","DCA",0,3,"ontime","18"
"445","US","LGA","DCA",0,3,"ontime","19"
"446","US","LGA","DCA",0,3,"delayed","20"
"447","US","LGA","DCA",0,3,"ontime","21"
"448","RU","EWR","BWI",0,3,"ontime","7"
"449","RU","EWR","BWI",0,3,"ontime","14"
"450","RU","EWR","BWI",0,3,"delayed","17"
"451","RU","EWR","BWI",0,3,"delayed","10"
"452","CO","EWR","DCA",0,3,"ontime","13"
"453","CO","EWR","DCA",0,3,"delayed","19"
"454","CO","EWR","DCA",0,3,"delayed","17"
"455","CO","EWR","DCA",0,3,"ontime","7"
"456","DH","EWR","IAD",0,3,"ontime","8"
"457","DH","EWR","IAD",0,3,"ontime","17"
"458","DH","EWR","IAD",0,3,"delayed","12"
"459","DH","EWR","IAD",0,3,"ontime","21"
"460","DH","EWR","IAD",0,3,"ontime","6"
"461","DH","EWR","IAD",0,3,"ontime","14"
"462","RU","EWR","DCA",0,3,"ontime","13"
"463","RU","EWR","IAD",0,3,"delayed","7"
"464","RU","EWR","IAD",0,3,"delayed","15"
"465","RU","EWR","DCA",0,3,"ontime","9"
"466","RU","EWR","IAD",0,3,"ontime","13"
"467","RU","EWR","IAD",0,3,"ontime","17"
"468","RU","EWR","IAD",0,3,"delayed","19"
"469","RU","EWR","DCA",0,3,"ontime","6"
"470","RU","EWR","DCA",0,3,"ontime","21"
"471","RU","EWR","DCA",0,3,"ontime","15"
"472","RU","EWR","DCA",0,3,"ontime","16"
"473","OH","JFK","BWI",0,4,"ontime","14"
"474","DH","JFK","DCA",0,4,"delayed","16"
"475","DH","LGA","IAD",0,4,"ontime","12"
"476","DH","LGA","IAD",0,4,"delayed","14"
"477","DH","LGA","IAD",0,4,"delayed","17"
"478","DH","LGA","IAD",0,4,"delayed","21"
"479","DH","LGA","IAD",0,4,"ontime","6"
"480","DH","LGA","IAD",0,4,"ontime","10"
"481","DH","JFK","IAD",0,4,"ontime","8"
"482","DH","JFK","IAD",0,4,"ontime","12"
"483","DH","JFK","IAD",0,4,"ontime","14"
"484","DH","JFK","IAD",0,4,"ontime","16"
"485","DH","JFK","IAD",0,4,"ontime","17"
"486","DH","JFK","IAD",0,4,"ontime","21"
"487","DH","JFK","IAD",0,4,"ontime","16"
"488","DL","JFK","DCA",0,4,"delayed","14"
"489","DL","LGA","DCA",0,4,"ontime","6"
"490","DL","LGA","DCA",0,4,"ontime","7"
"491","DL","LGA","DCA",0,4,"ontime","8"
"492","DL","LGA","DCA",0,4,"ontime","9"
"493","DL","LGA","DCA",0,4,"ontime","10"
"494","DL","LGA","DCA",0,4,"ontime","11"
"495","DL","LGA","DCA",0,4,"ontime","12"
"496","DL","LGA","DCA",0,4,"ontime","13"
"497","DL","LGA","DCA",0,4,"ontime","14"
"498","DL","LGA","DCA",0,4,"ontime","15"
"499","DL","LGA","DCA",0,4,"ontime","16"
"500","DL","LGA","DCA",0,4,"ontime","17"
"501","DL","LGA","DCA",0,4,"ontime","18"
"502","DL","LGA","DCA",0,4,"ontime","19"
"503","DL","LGA","DCA",0,4,"ontime","20"
"504","MQ","JFK","DCA",0,4,"ontime","15"
"505","MQ","JFK","DCA",0,4,"ontime","6"
"506","MQ","JFK","DCA",0,4,"ontime","18"
"507","MQ","LGA","DCA",0,4,"ontime","7"
"508","MQ","LGA","DCA",0,4,"ontime","8"
"509","MQ","LGA","DCA",0,4,"ontime","9"
"510","MQ","LGA","DCA",0,4,"ontime","11"
"511","MQ","LGA","DCA",0,4,"ontime","13"
"512","MQ","LGA","DCA",0,4,"ontime","14"
"513","MQ","LGA","DCA",0,4,"ontime","15"
"514","MQ","LGA","DCA",0,4,"ontime","16"
"515","MQ","LGA","DCA",0,4,"ontime","19"
"516","UA","LGA","IAD",0,4,"ontime","8"
"517","US","LGA","DCA",0,4,"ontime","6"
"518","US","LGA","DCA",0,4,"ontime","7"
"519","US","LGA","DCA",0,4,"ontime","8"
"520","US","LGA","DCA",0,4,"ontime","9"
"521","US","LGA","DCA",0,4,"ontime","10"
"522","US","LGA","DCA",0,4,"ontime","11"
"523","US","LGA","DCA",0,4,"ontime","12"
"524","US","LGA","DCA",0,4,"ontime","13"
"525","US","LGA","DCA",0,4,"ontime","14"
"526","US","LGA","DCA",0,4,"ontime","15"
"527","US","LGA","DCA",0,4,"ontime","16"
"528","US","LGA","DCA",0,4,"delayed","17"
"529","US","LGA","DCA",0,4,"ontime","18"
"530","US","LGA","DCA",0,4,"delayed","19"
"531","US","LGA","DCA",0,4,"delayed","20"
"532","US","LGA","DCA",0,4,"ontime","21"
"533","RU","EWR","BWI",0,4,"ontime","17"
"534","RU","EWR","BWI",0,4,"ontime","14"
"535","RU","EWR","BWI",0,4,"ontime","10"
"536","RU","EWR","BWI",0,4,"ontime","7"
"537","CO","EWR","DCA",0,4,"ontime","17"
"538","CO","EWR","DCA",0,4,"ontime","7"
"539","CO","EWR","DCA",0,4,"ontime","13"
"540","CO","EWR","DCA",0,4,"ontime","19"
"541","DH","EWR","IAD",0,4,"ontime","8"
"542","DH","EWR","IAD",0,4,"ontime","17"
"543","DH","EWR","IAD",0,4,"ontime","12"
"544","DH","EWR","IAD",0,4,"ontime","21"
"545","DH","EWR","IAD",0,4,"ontime","6"
"546","DH","EWR","IAD",0,4,"ontime","14"
"547","RU","EWR","IAD",0,4,"ontime","15"
"548","RU","EWR","IAD",0,4,"ontime","19"
"549","RU","EWR","IAD",0,4,"ontime","13"
"550","RU","EWR","DCA",0,4,"ontime","16"
"551","RU","EWR","DCA",0,4,"delayed","6"
"552","RU","EWR","DCA",0,4,"ontime","13"
"553","RU","EWR","IAD",0,4,"ontime","7"
"554","RU","EWR","IAD",0,4,"ontime","17"
"555","RU","EWR","DCA",0,4,"ontime","9"
"556","RU","EWR","DCA",0,4,"ontime","21"
"557","RU","EWR","DCA",0,4,"ontime","15"
"558","OH","JFK","BWI",0,5,"ontime","14"
"559","DH","JFK","DCA",0,5,"ontime","16"
"560","DH","LGA","IAD",0,5,"ontime","12"
"561","DH","LGA","IAD",0,5,"delayed","14"
"562","DH","LGA","IAD",0,5,"delayed","17"
"563","DH","LGA","IAD",0,5,"ontime","21"
"564","DH","LGA","IAD",0,5,"delayed","6"
"565","DH","LGA","IAD",0,5,"ontime","10"
"566","DH","JFK","IAD",0,5,"delayed","8"
"567","DH","JFK","IAD",0,5,"ontime","12"
"568","DH","JFK","IAD",0,5,"ontime","14"
"569","DH","JFK","IAD",0,5,"ontime","16"
"570","DH","JFK","IAD",0,5,"ontime","17"
"571","DH","JFK","IAD",0,5,"ontime","21"
"572","DH","JFK","IAD",0,5,"ontime","16"
"573","DL","JFK","DCA",0,5,"ontime","14"
"574","DL","LGA","DCA",0,5,"ontime","6"
"575","DL","LGA","DCA",0,5,"delayed","7"
"576","DL","LGA","DCA",0,5,"ontime","8"
"577","DL","LGA","DCA",0,5,"ontime","9"
"578","DL","LGA","DCA",0,5,"ontime","10"
"579","DL","LGA","DCA",0,5,"ontime","11"
"580","DL","LGA","DCA",0,5,"ontime","12"
"581","DL","LGA","DCA",0,5,"ontime","13"
"582","DL","LGA","DCA",0,5,"ontime","14"
"583","DL","LGA","DCA",0,5,"ontime","15"
"584","DL","LGA","DCA",0,5,"ontime","16"
"585","DL","LGA","DCA",0,5,"ontime","17"
"586","DL","LGA","DCA",0,5,"ontime","18"
"587","DL","LGA","DCA",0,5,"ontime","19"
"588","DL","LGA","DCA",0,5,"ontime","20"
"589","MQ","JFK","DCA",0,5,"ontime","15"
"590","MQ","JFK","DCA",0,5,"ontime","6"
"591","MQ","JFK","DCA",0,5,"delayed","18"
"592","MQ","LGA","DCA",0,5,"delayed","8"
"593","MQ","LGA","DCA",0,5,"ontime","9"
"594","MQ","LGA","DCA",0,5,"delayed","11"
"595","MQ","LGA","DCA",0,5,"ontime","13"
"596","MQ","LGA","DCA",0,5,"ontime","14"
"597","MQ","LGA","DCA",0,5,"ontime","15"
"598","MQ","LGA","DCA",0,5,"delayed","16"
"599","MQ","LGA","DCA",0,5,"ontime","17"
"600","MQ","LGA","DCA",0,5,"delayed","19"
"601","UA","LGA","IAD",0,5,"delayed","8"
"602","US","LGA","DCA",0,5,"ontime","6"
"603","US","LGA","DCA",0,5,"ontime","7"
"604","US","LGA","DCA",0,5,"ontime","8"
"605","US","LGA","DCA",0,5,"ontime","10"
"606","US","LGA","DCA",0,5,"ontime","11"
"607","US","LGA","DCA",0,5,"ontime","12"
"608","US","LGA","DCA",0,5,"ontime","13"
"609","US","LGA","DCA",0,5,"ontime","14"
"610","US","LGA","DCA",0,5,"ontime","15"
"611","US","LGA","DCA",0,5,"ontime","16"
"612","US","LGA","DCA",0,5,"ontime","17"
"613","US","LGA","DCA",0,5,"ontime","18"
"614","US","LGA","DCA",0,5,"ontime","19"
"615","US","LGA","DCA",0,5,"ontime","20"
"616","US","LGA","DCA",0,5,"ontime","21"
"617","RU","EWR","BWI",0,5,"ontime","17"
"618","RU","EWR","BWI",0,5,"ontime","14"
"619","RU","EWR","BWI",0,5,"delayed","10"
"620","RU","EWR","BWI",0,5,"ontime","7"
"621","CO","EWR","DCA",0,5,"ontime","17"
"622","CO","EWR","DCA",0,5,"ontime","19"
"623","CO","EWR","DCA",0,5,"ontime","13"
"624","CO","EWR","DCA",0,5,"ontime","7"
"625","DH","EWR","IAD",0,5,"ontime","8"
"626","DH","EWR","IAD",0,5,"ontime","17"
"627","DH","EWR","IAD",0,5,"ontime","12"
"628","DH","EWR","IAD",0,5,"ontime","21"
"629","DH","EWR","IAD",0,5,"ontime","6"
"630","DH","EWR","IAD",0,5,"ontime","14"
"631","RU","EWR","DCA",0,5,"ontime","16"
"632","RU","EWR","DCA",0,5,"ontime","15"
"633","RU","EWR","DCA",0,5,"ontime","13"
"634","RU","EWR","IAD",0,5,"delayed","7"
"635","RU","EWR","IAD",0,5,"ontime","13"
"636","RU","EWR","IAD",0,5,"ontime","19"
"637","RU","EWR","IAD",0,5,"ontime","15"
"638","RU","EWR","DCA",0,5,"ontime","9"
"639","RU","EWR","DCA",0,5,"ontime","21"
"640","RU","EWR","IAD",0,5,"ontime","17"
"641","RU","EWR","DCA",0,5,"ontime","6"
"642","OH","JFK","BWI",0,6,"ontime","14"
"643","DH","JFK","DCA",0,6,"delayed","16"
"644","DH","LGA","IAD",0,6,"ontime","12"
"645","DH","LGA","IAD",0,6,"ontime","17"
"646","DH","LGA","IAD",0,6,"ontime","21"
"647","DH","JFK","IAD",0,6,"delayed","8"
"648","DH","JFK","IAD",0,6,"delayed","12"
"649","DH","JFK","IAD",0,6,"ontime","16"
"650","DH","JFK","IAD",0,6,"ontime","17"
"651","DH","JFK","IAD",0,6,"ontime","21"
"652","DH","JFK","IAD",0,6,"ontime","18"
"653","DL","JFK","DCA",0,6,"delayed","14"
"654","DL","LGA","DCA",0,6,"ontime","7"
"655","DL","LGA","DCA",0,6,"ontime","8"
"656","DL","LGA","DCA",0,6,"ontime","10"
"657","DL","LGA","DCA",0,6,"ontime","12"
"658","DL","LGA","DCA",0,6,"ontime","14"
"659","DL","LGA","DCA",0,6,"ontime","16"
"660","DL","LGA","DCA",0,6,"ontime","18"
"661","DL","LGA","DCA",0,6,"ontime","20"
"662","MQ","JFK","DCA",0,6,"ontime","15"
"663","MQ","JFK","DCA",0,6,"delayed","6"
"664","MQ","JFK","DCA",0,6,"ontime","18"
"665","MQ","LGA","DCA",0,6,"ontime","9"
"666","MQ","LGA","DCA",0,6,"ontime","13"
"667","UA","LGA","IAD",0,6,"ontime","8"
"668","US","LGA","DCA",0,6,"ontime","7"
"669","US","LGA","DCA",0,6,"ontime","9"
"670","US","LGA","DCA",0,6,"ontime","11"
"671","US","LGA","DCA",0,6,"ontime","13"
"672","US","LGA","DCA",0,6,"ontime","15"
"673","US","LGA","DCA",0,6,"ontime","17"
"674","US","LGA","DCA",0,6,"ontime","19"
"675","RU","EWR","BWI",0,6,"ontime","17"
"676","RU","EWR","BWI",0,6,"ontime","14"
"677","RU","EWR","BWI",0,6,"ontime","7"
"678","RU","EWR","BWI",0,6,"ontime","10"
"679","CO","EWR","DCA",0,6,"ontime","13"
"680","DH","EWR","IAD",0,6,"ontime","8"
"681","DH","EWR","IAD",0,6,"ontime","17"
"682","DH","EWR","IAD",0,6,"ontime","12"
"683","DH","EWR","IAD",0,6,"ontime","21"
"684","RU","EWR","IAD",0,6,"ontime","17"
"685","RU","EWR","IAD",0,6,"ontime","7"
"686","RU","EWR","DCA",0,6,"ontime","16"
"687","RU","EWR","IAD",0,6,"ontime","15"
"688","RU","EWR","DCA",0,6,"ontime","6"
"689","RU","EWR","DCA",0,6,"ontime","17"
"690","RU","EWR","DCA",0,6,"ontime","13"
"691","RU","EWR","DCA",0,6,"ontime","9"
"692","OH","JFK","BWI",0,7,"ontime","14"
"693","DH","JFK","DCA",0,7,"ontime","16"
"694","DH","LGA","IAD",0,7,"ontime","12"
"695","DH","LGA","IAD",0,7,"ontime","14"
"696","DH","LGA","IAD",0,7,"ontime","17"
"697","DH","LGA","IAD",0,7,"ontime","21"
"698","DH","JFK","IAD",0,7,"ontime","8"
"699","DH","JFK","IAD",0,7,"ontime","12"
"700","DH","JFK","IAD",0,7,"delayed","14"
"701","DH","JFK","IAD",0,7,"ontime","16"
"702","DH","JFK","IAD",0,7,"ontime","17"
"703","DH","JFK","IAD",0,7,"delayed","21"
"704","DH","JFK","IAD",0,7,"ontime","16"
"705","DL","JFK","DCA",0,7,"delayed","14"
"706","DL","LGA","DCA",0,7,"ontime","8"
"707","DL","LGA","DCA",0,7,"ontime","10"
"708","DL","LGA","DCA",0,7,"ontime","11"
"709","DL","LGA","DCA",0,7,"ontime","12"
"710","DL","LGA","DCA",0,7,"ontime","13"
"711","DL","LGA","DCA",0,7,"ontime","14"
"712","DL","LGA","DCA",0,7,"ontime","15"
"713","DL","LGA","DCA",0,7,"ontime","16"
"714","DL","LGA","DCA",0,7,"ontime","17"
"715","DL","LGA","DCA",0,7,"ontime","18"
"716","DL","LGA","DCA",0,7,"ontime","19"
"717","DL","LGA","DCA",0,7,"ontime","20"
"718","MQ","JFK","DCA",0,7,"ontime","15"
"719","MQ","JFK","DCA",0,7,"ontime","6"
"720","MQ","JFK","DCA",0,7,"ontime","9"
"721","MQ","JFK","DCA",0,7,"delayed","18"
"722","MQ","LGA","DCA",0,7,"delayed","13"
"723","MQ","LGA","DCA",0,7,"ontime","15"
"724","MQ","LGA","DCA",0,7,"ontime","17"
"725","MQ","LGA","DCA",0,7,"ontime","19"
"726","UA","LGA","IAD",0,7,"ontime","8"
"727","US","LGA","DCA",0,7,"ontime","9"
"728","US","LGA","DCA",0,7,"ontime","10"
"729","US","LGA","DCA",0,7,"ontime","11"
"730","US","LGA","DCA",0,7,"ontime","12"
"731","US","LGA","DCA",0,7,"ontime","13"
"732","US","LGA","DCA",0,7,"ontime","14"
"733","US","LGA","DCA",0,7,"ontime","15"
"734","US","LGA","DCA",0,7,"ontime","16"
"735","US","LGA","DCA",0,7,"ontime","17"
"736","US","LGA","DCA",0,7,"ontime","18"
"737","US","LGA","DCA",0,7,"ontime","19"
"738","US","LGA","DCA",0,7,"ontime","20"
"739","US","LGA","DCA",0,7,"ontime","21"
"740","RU","EWR","BWI",0,7,"ontime","17"
"741","RU","EWR","BWI",0,7,"ontime","10"
"742","RU","EWR","BWI",0,7,"ontime","13"
"743","RU","EWR","BWI",0,7,"ontime","14"
"744","CO","EWR","DCA",0,7,"ontime","19"
"745","CO","EWR","DCA",0,7,"ontime","13"
"746","CO","EWR","DCA",0,7,"ontime","16"
"747","DH","EWR","IAD",0,7,"ontime","8"
"748","DH","EWR","IAD",0,7,"ontime","17"
"749","DH","EWR","IAD",0,7,"ontime","12"
"750","DH","EWR","IAD",0,7,"ontime","21"
"751","DH","EWR","IAD",0,7,"delayed","14"
"752","RU","EWR","DCA",0,7,"ontime","21"
"753","RU","EWR","IAD",0,7,"ontime","8"
"754","RU","EWR","IAD",0,7,"ontime","17"
"755","RU","EWR","DCA",0,7,"ontime","17"
"756","RU","EWR","DCA",0,7,"ontime","13"
"757","RU","EWR","DCA",0,7,"ontime","9"
"758","RU","EWR","IAD",0,7,"ontime","15"
"759","RU","EWR","IAD",0,7,"ontime","19"
"760","OH","JFK","BWI",0,1,"ontime","14"
"761","DH","JFK","DCA",0,1,"ontime","16"
"762","DH","LGA","IAD",0,1,"ontime","12"
"763","DH","LGA","IAD",0,1,"ontime","14"
"764","DH","LGA","IAD",0,1,"ontime","17"
"765","DH","LGA","IAD",0,1,"ontime","21"
"766","DH","LGA","IAD",0,1,"delayed","6"
"767","DH","LGA","IAD",0,1,"ontime","10"
"768","DH","JFK","IAD",0,1,"ontime","8"
"769","DH","JFK","IAD",0,1,"ontime","12"
"770","DH","JFK","IAD",0,1,"delayed","14"
"771","DH","JFK","IAD",0,1,"ontime","16"
"772","DH","JFK","IAD",0,1,"ontime","17"
"773","DH","JFK","IAD",0,1,"ontime","21"
"774","DL","JFK","DCA",0,1,"ontime","14"
"775","DL","LGA","DCA",0,1,"ontime","6"
"776","DL","LGA","DCA",0,1,"ontime","7"
"777","DL","LGA","DCA",0,1,"ontime","8"
"778","DL","LGA","DCA",0,1,"delayed","9"
"779","DL","LGA","DCA",0,1,"ontime","10"
"780","DL","LGA","DCA",0,1,"ontime","11"
"781","DL","LGA","DCA",0,1,"ontime","12"
"782","DL","LGA","DCA",0,1,"ontime","13"
"783","DL","LGA","DCA",0,1,"ontime","14"
"784","DL","LGA","DCA",0,1,"ontime","15"
"785","DL","LGA","DCA",0,1,"ontime","16"
"786","DL","LGA","DCA",0,1,"ontime","17"
"787","DL","LGA","DCA",0,1,"ontime","18"
"788","DL","LGA","DCA",0,1,"ontime","19"
"789","DL","LGA","DCA",0,1,"ontime","20"
"790","MQ","JFK","DCA",0,1,"ontime","15"
"791","MQ","JFK","DCA",0,1,"ontime","6"
"792","MQ","JFK","DCA",0,1,"ontime","18"
"793","MQ","LGA","DCA",0,1,"delayed","7"
"794","MQ","LGA","DCA",0,1,"ontime","8"
"795","MQ","LGA","DCA",0,1,"ontime","9"
"796","MQ","LGA","DCA",0,1,"ontime","11"
"797","MQ","LGA","DCA",0,1,"ontime","13"
"798","MQ","LGA","DCA",0,1,"ontime","15"
"799","MQ","LGA","DCA",0,1,"ontime","16"
"800","MQ","LGA","DCA",0,1,"ontime","17"
"801","MQ","LGA","DCA",0,1,"ontime","19"
"802","UA","LGA","IAD",0,1,"ontime","8"
"803","US","LGA","DCA",0,1,"ontime","6"
"804","US","LGA","DCA",0,1,"delayed","7"
"805","US","LGA","DCA",0,1,"ontime","8"
"806","US","LGA","DCA",0,1,"ontime","9"
"807","US","LGA","DCA",0,1,"ontime","10"
"808","US","LGA","DCA",0,1,"delayed","11"
"809","US","LGA","DCA",0,1,"ontime","12"
"810","US","LGA","DCA",0,1,"ontime","13"
"811","US","LGA","DCA",0,1,"ontime","14"
"812","US","LGA","DCA",0,1,"ontime","15"
"813","US","LGA","DCA",0,1,"ontime","16"
"814","US","LGA","DCA",0,1,"delayed","17"
"815","US","LGA","DCA",0,1,"ontime","18"
"816","US","LGA","DCA",0,1,"ontime","19"
"817","US","LGA","DCA",0,1,"ontime","20"
"818","US","LGA","DCA",0,1,"ontime","21"
"819","RU","EWR","BWI",0,1,"ontime","7"
"820","RU","EWR","BWI",0,1,"delayed","14"
"821","RU","EWR","BWI",0,1,"ontime","17"
"822","RU","EWR","BWI",0,1,"ontime","10"
"823","CO","EWR","DCA",0,1,"ontime","7"
"824","CO","EWR","DCA",0,1,"ontime","13"
"825","CO","EWR","DCA",0,1,"delayed","17"
"826","CO","EWR","DCA",0,1,"ontime","19"
"827","DH","EWR","IAD",0,1,"ontime","8"
"828","DH","EWR","IAD",0,1,"ontime","17"
"829","DH","EWR","IAD",0,1,"delayed","12"
"830","DH","EWR","IAD",0,1,"ontime","21"
"831","DH","EWR","IAD",0,1,"ontime","6"
"832","DH","EWR","IAD",0,1,"ontime","14"
"833","RU","EWR","DCA",0,1,"ontime","13"
"834","RU","EWR","DCA",0,1,"ontime","9"
"835","RU","EWR","DCA",0,1,"ontime","15"
"836","RU","EWR","IAD",0,1,"ontime","17"
"837","RU","EWR","IAD",0,1,"ontime","19"
"838","RU","EWR","DCA",0,1,"ontime","21"
"839","RU","EWR","IAD",0,1,"ontime","13"
"840","RU","EWR","DCA",0,1,"ontime","6"
"841","RU","EWR","DCA",0,1,"ontime","16"
"842","RU","EWR","IAD",0,1,"ontime","7"
"843","RU","EWR","IAD",0,1,"ontime","15"
"844","OH","JFK","BWI",0,2,"ontime","14"
"845","DH","JFK","DCA",0,2,"ontime","16"
"846","DH","LGA","IAD",0,2,"ontime","12"
"847","DH","LGA","IAD",0,2,"delayed","17"
"848","DH","LGA","IAD",0,2,"ontime","21"
"849","DH","LGA","IAD",0,2,"delayed","6"
"850","DH","LGA","IAD",0,2,"ontime","10"
"851","DH","JFK","IAD",0,2,"ontime","8"
"852","DH","JFK","IAD",0,2,"ontime","12"
"853","DH","JFK","IAD",0,2,"ontime","14"
"854","DH","JFK","IAD",0,2,"ontime","16"
"855","DH","JFK","IAD",0,2,"ontime","17"
"856","DH","JFK","IAD",0,2,"ontime","21"
"857","DH","JFK","IAD",0,2,"delayed","16"
"858","DL","JFK","DCA",0,2,"ontime","14"
"859","DL","LGA","DCA",0,2,"ontime","6"
"860","DL","LGA","DCA",0,2,"ontime","7"
"861","DL","LGA","DCA",0,2,"ontime","8"
"862","DL","LGA","DCA",0,2,"ontime","9"
"863","DL","LGA","DCA",0,2,"ontime","10"
"864","DL","LGA","DCA",0,2,"ontime","11"
"865","DL","LGA","DCA",0,2,"ontime","12"
"866","DL","LGA","DCA",0,2,"ontime","13"
"867","DL","LGA","DCA",0,2,"ontime","14"
"868","DL","LGA","DCA",0,2,"ontime","15"
"869","DL","LGA","DCA",0,2,"delayed","16"
"870","DL","LGA","DCA",0,2,"ontime","17"
"871","DL","LGA","DCA",0,2,"ontime","18"
"872","DL","LGA","DCA",0,2,"ontime","19"
"873","DL","LGA","DCA",0,2,"delayed","20"
"874","MQ","JFK","DCA",0,2,"ontime","15"
"875","MQ","JFK","DCA",0,2,"ontime","6"
"876","MQ","JFK","DCA",0,2,"delayed","18"
"877","MQ","LGA","DCA",0,2,"ontime","7"
"878","MQ","LGA","DCA",0,2,"ontime","8"
"879","MQ","LGA","DCA",0,2,"ontime","9"
"880","MQ","LGA","DCA",0,2,"ontime","11"
"881","MQ","LGA","DCA",0,2,"ontime","13"
"882","MQ","LGA","DCA",0,2,"ontime","14"
"883","MQ","LGA","DCA",0,2,"ontime","15"
"884","MQ","LGA","DCA",0,2,"delayed","16"
"885","MQ","LGA","DCA",0,2,"delayed","17"
"886","MQ","LGA","DCA",0,2,"delayed","19"
"887","UA","LGA","IAD",0,2,"ontime","8"
"888","US","LGA","DCA",0,2,"ontime","6"
"889","US","LGA","DCA",0,2,"ontime","7"
"890","US","LGA","DCA",0,2,"ontime","8"
"891","US","LGA","DCA",0,2,"ontime","9"
"892","US","LGA","DCA",0,2,"ontime","10"
"893","US","LGA","DCA",0,2,"ontime","11"
"894","US","LGA","DCA",0,2,"ontime","12"
"895","US","LGA","DCA",0,2,"ontime","13"
"896","US","LGA","DCA",0,2,"ontime","14"
"897","US","LGA","DCA",0,2,"ontime","15"
"898","US","LGA","DCA",0,2,"delayed","16"
"899","US","LGA","DCA",0,2,"ontime","17"
"900","US","LGA","DCA",0,2,"ontime","18"
"901","US","LGA","DCA",0,2,"ontime","19"
"902","US","LGA","DCA",0,2,"ontime","20"
"903","US","LGA","DCA",0,2,"ontime","21"
"904","RU","EWR","BWI",0,2,"ontime","10"
"905","RU","EWR","BWI",0,2,"delayed","17"
"906","RU","EWR","BWI",0,2,"ontime","7"
"907","RU","EWR","BWI",0,2,"delayed","14"
"908","CO","EWR","DCA",0,2,"ontime","7"
"909","CO","EWR","DCA",0,2,"delayed","17"
"910","CO","EWR","DCA",0,2,"delayed","19"
"911","CO","EWR","DCA",0,2,"ontime","13"
"912","DH","EWR","IAD",0,2,"ontime","8"
"913","DH","EWR","IAD",0,2,"ontime","17"
"914","DH","EWR","IAD",0,2,"ontime","12"
"915","DH","EWR","IAD",0,2,"ontime","21"
"916","DH","EWR","IAD",0,2,"ontime","6"
"917","DH","EWR","IAD",0,2,"delayed","14"
"918","RU","EWR","IAD",0,2,"ontime","13"
"919","RU","EWR","IAD",0,2,"ontime","7"
"920","RU","EWR","IAD",0,2,"ontime","15"
"921","RU","EWR","IAD",0,2,"ontime","17"
"922","RU","EWR","DCA",0,2,"ontime","13"
"923","RU","EWR","IAD",0,2,"delayed","19"
"924","RU","EWR","DCA",0,2,"ontime","15"
"925","RU","EWR","DCA",0,2,"ontime","6"
"926","RU","EWR","DCA",0,2,"ontime","16"
"927","RU","EWR","DCA",0,2,"ontime","9"
"928","RU","EWR","DCA",0,2,"ontime","21"
"929","OH","JFK","BWI",0,3,"ontime","14"
"930","DH","JFK","DCA",0,3,"ontime","16"
"931","DH","LGA","IAD",0,3,"ontime","12"
"932","DH","LGA","IAD",0,3,"ontime","17"
"933","DH","LGA","IAD",0,3,"ontime","21"
"934","DH","LGA","IAD",0,3,"ontime","6"
"935","DH","LGA","IAD",0,3,"ontime","10"
"936","DH","JFK","IAD",0,3,"ontime","8"
"937","DH","JFK","IAD",0,3,"ontime","12"
"938","DH","JFK","IAD",0,3,"ontime","14"
"939","DH","JFK","IAD",0,3,"ontime","16"
"940","DH","JFK","IAD",0,3,"ontime","17"
"941","DH","JFK","IAD",0,3,"ontime","21"
"942","DH","JFK","IAD",0,3,"ontime","16"
"943","DL","JFK","DCA",0,3,"ontime","14"
"944","DL","LGA","DCA",0,3,"ontime","6"
"945","DL","LGA","DCA",0,3,"ontime","7"
"946","DL","LGA","DCA",0,3,"ontime","8"
"947","DL","LGA","DCA",0,3,"ontime","9"
"948","DL","LGA","DCA",0,3,"ontime","10"
"949","DL","LGA","DCA",0,3,"delayed","11"
"950","DL","LGA","DCA",0,3,"ontime","12"
"951","DL","LGA","DCA",0,3,"ontime","13"
"952","DL","LGA","DCA",0,3,"ontime","14"
"953","DL","LGA","DCA",0,3,"delayed","15"
"954","DL","LGA","DCA",0,3,"ontime","16"
"955","DL","LGA","DCA",0,3,"ontime","17"
"956","DL","LGA","DCA",0,3,"ontime","18"
"957","DL","LGA","DCA",0,3,"delayed","19"
"958","DL","LGA","DCA",0,3,"delayed","20"
"959","MQ","JFK","DCA",0,3,"ontime","15"
"960","MQ","JFK","DCA",0,3,"ontime","6"
"961","MQ","JFK","DCA",0,3,"ontime","18"
"962","MQ","LGA","DCA",0,3,"delayed","7"
"963","MQ","LGA","DCA",0,3,"ontime","8"
"964","MQ","LGA","DCA",0,3,"ontime","9"
"965","MQ","LGA","DCA",0,3,"delayed","11"
"966","MQ","LGA","DCA",0,3,"ontime","13"
"967","MQ","LGA","DCA",0,3,"ontime","15"
"968","MQ","LGA","DCA",0,3,"ontime","16"
"969","MQ","LGA","DCA",0,3,"ontime","17"
"970","MQ","LGA","DCA",0,3,"ontime","19"
"971","UA","LGA","IAD",0,3,"ontime","8"
"972","US","LGA","DCA",0,3,"ontime","6"
"973","US","LGA","DCA",0,3,"ontime","7"
"974","US","LGA","DCA",0,3,"ontime","8"
"975","US","LGA","DCA",0,3,"ontime","9"
"976","US","LGA","DCA",0,3,"ontime","10"
"977","US","LGA","DCA",0,3,"ontime","11"
"978","US","LGA","DCA",0,3,"ontime","12"
"979","US","LGA","DCA",0,3,"ontime","13"
"980","US","LGA","DCA",0,3,"ontime","14"
"981","US","LGA","DCA",0,3,"ontime","15"
"982","US","LGA","DCA",0,3,"ontime","16"
"983","US","LGA","DCA",0,3,"ontime","17"
"984","US","LGA","DCA",0,3,"ontime","18"
"985","US","LGA","DCA",0,3,"ontime","19"
"986","US","LGA","DCA",0,3,"delayed","20"
"987","US","LGA","DCA",0,3,"ontime","21"
"988","RU","EWR","BWI",0,3,"ontime","7"
"989","RU","EWR","BWI",0,3,"ontime","14"
"990","RU","EWR","BWI",0,3,"ontime","17"
"991","RU","EWR","BWI",0,3,"ontime","10"
"992","CO","EWR","DCA",0,3,"ontime","13"
"993","CO","EWR","DCA",0,3,"ontime","19"
"994","CO","EWR","DCA",0,3,"ontime","7"
"995","CO","EWR","DCA",0,3,"delayed","17"
"996","DH","EWR","IAD",0,3,"ontime","8"
"997","DH","EWR","IAD",0,3,"ontime","17"
"998","DH","EWR","IAD",0,3,"ontime","12"
"999","DH","EWR","IAD",0,3,"delayed","21"
"1000","DH","EWR","IAD",0,3,"ontime","6"
"1001","DH","EWR","IAD",0,3,"delayed","14"
"1002","RU","EWR","IAD",0,3,"ontime","7"
"1003","RU","EWR","IAD",0,3,"ontime","17"
"1004","RU","EWR","DCA",0,3,"ontime","9"
"1005","RU","EWR","DCA",0,3,"ontime","13"
"1006","RU","EWR","DCA",0,3,"ontime","6"
"1007","RU","EWR","IAD",0,3,"ontime","15"
"1008","RU","EWR","DCA",0,3,"ontime","16"
"1009","RU","EWR","IAD",0,3,"ontime","19"
"1010","RU","EWR","IAD",0,3,"ontime","13"
"1011","RU","EWR","DCA",0,3,"ontime","15"
"1012","RU","EWR","DCA",0,3,"ontime","21"
"1013","OH","JFK","BWI",0,4,"ontime","14"
"1014","DH","JFK","DCA",0,4,"ontime","16"
"1015","DH","LGA","IAD",0,4,"ontime","12"
"1016","DH","LGA","IAD",0,4,"delayed","14"
"1017","DH","LGA","IAD",0,4,"delayed","21"
"1018","DH","JFK","IAD",0,4,"ontime","8"
"1019","DH","JFK","IAD",0,4,"ontime","12"
"1020","DH","JFK","IAD",0,4,"ontime","14"
"1021","DH","JFK","IAD",0,4,"ontime","16"
"1022","DH","JFK","IAD",0,4,"ontime","17"
"1023","DH","JFK","IAD",0,4,"ontime","21"
"1024","DH","JFK","IAD",0,4,"ontime","16"
"1025","DL","JFK","DCA",0,4,"ontime","14"
"1026","DL","LGA","DCA",0,4,"ontime","6"
"1027","DL","LGA","DCA",0,4,"delayed","7"
"1028","DL","LGA","DCA",0,4,"ontime","9"
"1029","DL","LGA","DCA",0,4,"ontime","11"
"1030","DL","LGA","DCA",0,4,"ontime","13"
"1031","DL","LGA","DCA",0,4,"ontime","14"
"1032","DL","LGA","DCA",0,4,"ontime","15"
"1033","DL","LGA","DCA",0,4,"ontime","16"
"1034","DL","LGA","DCA",0,4,"ontime","17"
"1035","DL","LGA","DCA",0,4,"ontime","18"
"1036","DL","LGA","DCA",0,4,"delayed","19"
"1037","DL","LGA","DCA",0,4,"delayed","20"
"1038","MQ","JFK","DCA",0,4,"ontime","15"
"1039","MQ","JFK","DCA",0,4,"ontime","6"
"1040","MQ","JFK","DCA",0,4,"ontime","18"
"1041","MQ","LGA","DCA",0,4,"delayed","8"
"1042","MQ","LGA","DCA",0,4,"ontime","11"
"1043","MQ","LGA","DCA",0,4,"delayed","13"
"1044","MQ","LGA","DCA",0,4,"ontime","14"
"1045","MQ","LGA","DCA",0,4,"ontime","15"
"1046","MQ","LGA","DCA",0,4,"delayed","16"
"1047","MQ","LGA","DCA",0,4,"delayed","17"
"1048","MQ","LGA","DCA",0,4,"delayed","19"
"1049","UA","LGA","IAD",0,4,"delayed","8"
"1050","US","LGA","DCA",0,4,"delayed","6"
"1051","US","LGA","DCA",0,4,"ontime","8"
"1052","US","LGA","DCA",0,4,"delayed","9"
"1053","US","LGA","DCA",0,4,"ontime","11"
"1054","US","LGA","DCA",0,4,"ontime","12"
"1055","US","LGA","DCA",0,4,"ontime","14"
"1056","US","LGA","DCA",0,4,"ontime","15"
"1057","US","LGA","DCA",0,4,"ontime","16"
"1058","US","LGA","DCA",0,4,"ontime","17"
"1059","US","LGA","DCA",0,4,"ontime","18"
"1060","US","LGA","DCA",0,4,"delayed","19"
"1061","US","LGA","DCA",0,4,"delayed","21"
"1062","RU","EWR","BWI",0,4,"ontime","14"
"1063","RU","EWR","BWI",0,4,"delayed","10"
"1064","RU","EWR","BWI",0,4,"delayed","17"
"1065","CO","EWR","DCA",0,4,"delayed","7"
"1066","CO","EWR","DCA",0,4,"delayed","19"
"1067","CO","EWR","DCA",0,4,"ontime","13"
"1068","DH","EWR","IAD",0,4,"ontime","8"
"1069","DH","EWR","IAD",0,4,"ontime","12"
"1070","DH","EWR","IAD",0,4,"ontime","21"
"1071","DH","EWR","IAD",0,4,"ontime","6"
"1072","RU","EWR","DCA",0,4,"ontime","6"
"1073","RU","EWR","IAD",0,4,"delayed","19"
"1074","RU","EWR","IAD",0,4,"delayed","7"
"1075","RU","EWR","IAD",0,4,"delayed","13"
"1076","RU","EWR","DCA",0,4,"ontime","16"
"1077","RU","EWR","DCA",0,4,"ontime","15"
"1078","RU","EWR","IAD",0,4,"ontime","15"
"1079","RU","EWR","DCA",0,4,"delayed","21"
"1080","RU","EWR","DCA",0,4,"delayed","9"
"1081","RU","EWR","DCA",0,4,"ontime","13"
"1082","OH","JFK","BWI",0,5,"ontime","14"
"1083","DH","JFK","DCA",0,5,"ontime","16"
"1084","DH","LGA","IAD",0,5,"delayed","14"
"1085","DH","LGA","IAD",0,5,"delayed","17"
"1086","DH","LGA","IAD",0,5,"ontime","21"
"1087","DH","LGA","IAD",0,5,"ontime","6"
"1088","DH","JFK","IAD",0,5,"ontime","8"
"1089","DH","JFK","IAD",0,5,"ontime","12"
"1090","DH","JFK","IAD",0,5,"ontime","14"
"1091","DH","JFK","IAD",0,5,"ontime","16"
"1092","DH","JFK","IAD",0,5,"ontime","17"
"1093","DH","JFK","IAD",0,5,"ontime","21"
"1094","DH","JFK","IAD",0,5,"ontime","16"
"1095","DL","JFK","DCA",0,5,"delayed","14"
"1096","DL","LGA","DCA",0,5,"ontime","6"
"1097","DL","LGA","DCA",0,5,"ontime","7"
"1098","DL","LGA","DCA",0,5,"delayed","8"
"1099","DL","LGA","DCA",0,5,"ontime","9"
"1100","DL","LGA","DCA",0,5,"delayed","10"
"1101","DL","LGA","DCA",0,5,"ontime","11"
"1102","DL","LGA","DCA",0,5,"ontime","12"
"1103","DL","LGA","DCA",0,5,"ontime","13"
"1104","DL","LGA","DCA",0,5,"ontime","14"
"1105","DL","LGA","DCA",0,5,"ontime","15"
"1106","DL","LGA","DCA",0,5,"ontime","16"
"1107","DL","LGA","DCA",0,5,"ontime","17"
"1108","DL","LGA","DCA",0,5,"ontime","18"
"1109","DL","LGA","DCA",0,5,"ontime","19"
"1110","DL","LGA","DCA",0,5,"ontime","20"
"1111","MQ","JFK","DCA",0,5,"ontime","15"
"1112","MQ","JFK","DCA",0,5,"ontime","6"
"1113","MQ","JFK","DCA",0,5,"delayed","18"
"1114","MQ","LGA","DCA",0,5,"delayed","8"
"1115","MQ","LGA","DCA",0,5,"delayed","9"
"1116","MQ","LGA","DCA",0,5,"delayed","11"
"1117","MQ","LGA","DCA",0,5,"delayed","13"
"1118","MQ","LGA","DCA",0,5,"delayed","14"
"1119","MQ","LGA","DCA",0,5,"delayed","16"
"1120","MQ","LGA","DCA",0,5,"delayed","17"
"1121","MQ","LGA","DCA",0,5,"delayed","19"
"1122","UA","LGA","IAD",0,5,"delayed","8"
"1123","US","LGA","DCA",0,5,"ontime","6"
"1124","US","LGA","DCA",0,5,"ontime","7"
"1125","US","LGA","DCA",0,5,"ontime","8"
"1126","US","LGA","DCA",0,5,"delayed","9"
"1127","US","LGA","DCA",0,5,"ontime","10"
"1128","US","LGA","DCA",0,5,"ontime","11"
"1129","US","LGA","DCA",0,5,"ontime","12"
"1130","US","LGA","DCA",0,5,"ontime","13"
"1131","US","LGA","DCA",0,5,"ontime","14"
"1132","US","LGA","DCA",0,5,"ontime","15"
"1133","US","LGA","DCA",0,5,"ontime","16"
"1134","US","LGA","DCA",0,5,"ontime","17"
"1135","US","LGA","DCA",0,5,"ontime","18"
"1136","US","LGA","DCA",0,5,"delayed","19"
"1137","US","LGA","DCA",0,5,"ontime","20"
"1138","US","LGA","DCA",0,5,"ontime","21"
"1139","RU","EWR","BWI",0,5,"delayed","17"
"1140","RU","EWR","BWI",0,5,"delayed","10"
"1141","RU","EWR","BWI",0,5,"delayed","14"
"1142","RU","EWR","BWI",0,5,"ontime","7"
"1143","CO","EWR","DCA",0,5,"delayed","13"
"1144","CO","EWR","DCA",0,5,"delayed","17"
"1145","CO","EWR","DCA",0,5,"ontime","7"
"1146","DH","EWR","IAD",0,5,"ontime","8"
"1147","DH","EWR","IAD",0,5,"ontime","17"
"1148","DH","EWR","IAD",0,5,"ontime","12"
"1149","DH","EWR","IAD",0,5,"ontime","21"
"1150","DH","EWR","IAD",0,5,"delayed","6"
"1151","RU","EWR","IAD",0,5,"delayed","15"
"1152","RU","EWR","DCA",0,5,"ontime","6"
"1153","RU","EWR","DCA",0,5,"delayed","15"
"1154","RU","EWR","DCA",0,5,"delayed","13"
"1155","RU","EWR","DCA",0,5,"delayed","16"
"1156","RU","EWR","IAD",0,5,"delayed","13"
"1157","RU","EWR","DCA",0,5,"ontime","9"
"1158","RU","EWR","IAD",0,5,"delayed","19"
"1159","RU","EWR","IAD",0,5,"ontime","7"
"1160","RU","EWR","DCA",0,5,"ontime","21"
"1161","RU","EWR","IAD",0,5,"delayed","17"
"1162","OH","JFK","BWI",0,6,"ontime","14"
"1163","DH","JFK","DCA",0,6,"ontime","16"
"1164","DH","LGA","IAD",0,6,"ontime","12"
"1165","DH","LGA","IAD",0,6,"ontime","17"
"1166","DH","LGA","IAD",0,6,"delayed","21"
"1167","DH","JFK","IAD",0,6,"ontime","8"
"1168","DH","JFK","IAD",0,6,"ontime","12"
"1169","DH","JFK","IAD",0,6,"ontime","16"
"1170","DH","JFK","IAD",0,6,"delayed","17"
"1171","DH","JFK","IAD",0,6,"delayed","21"
"1172","DH","JFK","IAD",0,6,"delayed","18"
"1173","DL","JFK","DCA",0,6,"delayed","14"
"1174","DL","LGA","DCA",0,6,"ontime","7"
"1175","DL","LGA","DCA",0,6,"ontime","8"
"1176","DL","LGA","DCA",0,6,"ontime","10"
"1177","DL","LGA","DCA",0,6,"ontime","14"
"1178","DL","LGA","DCA",0,6,"delayed","16"
"1179","DL","LGA","DCA",0,6,"ontime","18"
"1180","DL","LGA","DCA",0,6,"ontime","20"
"1181","MQ","JFK","DCA",0,6,"ontime","15"
"1182","MQ","JFK","DCA",0,6,"ontime","6"
"1183","MQ","JFK","DCA",0,6,"ontime","18"
"1184","MQ","LGA","DCA",0,6,"ontime","9"
"1185","MQ","LGA","DCA",0,6,"ontime","13"
"1186","UA","LGA","IAD",0,6,"ontime","8"
"1187","US","LGA","DCA",0,6,"ontime","7"
"1188","US","LGA","DCA",0,6,"ontime","9"
"1189","US","LGA","DCA",0,6,"ontime","11"
"1190","US","LGA","DCA",0,6,"ontime","13"
"1191","US","LGA","DCA",0,6,"ontime","15"
"1192","US","LGA","DCA",0,6,"ontime","17"
"1193","US","LGA","DCA",0,6,"ontime","19"
"1194","RU","EWR","BWI",0,6,"ontime","17"
"1195","RU","EWR","BWI",0,6,"ontime","14"
"1196","RU","EWR","BWI",0,6,"ontime","10"
"1197","RU","EWR","BWI",0,6,"ontime","7"
"1198","CO","EWR","DCA",0,6,"ontime","13"
"1199","DH","EWR","IAD",0,6,"ontime","8"
"1200","DH","EWR","IAD",0,6,"ontime","17"
"1201","DH","EWR","IAD",0,6,"ontime","12"
"1202","DH","EWR","IAD",0,6,"delayed","21"
"1203","RU","EWR","IAD",0,6,"ontime","7"
"1204","RU","EWR","DCA",0,6,"ontime","16"
"1205","RU","EWR","DCA",0,6,"ontime","17"
"1206","RU","EWR","DCA",0,6,"ontime","13"
"1207","RU","EWR","IAD",0,6,"ontime","15"
"1208","RU","EWR","DCA",0,6,"ontime","9"
"1209","RU","EWR","IAD",0,6,"ontime","17"
"1210","RU","EWR","DCA",0,6,"ontime","6"
"1211","OH","JFK","BWI",0,7,"ontime","14"
"1212","DH","JFK","DCA",0,7,"delayed","16"
"1213","DH","LGA","IAD",0,7,"ontime","12"
"1214","DH","LGA","IAD",0,7,"delayed","14"
"1215","DH","LGA","IAD",0,7,"delayed","17"
"1216","DH","LGA","IAD",0,7,"ontime","21"
"1217","DH","JFK","IAD",0,7,"ontime","8"
"1218","DH","JFK","IAD",0,7,"ontime","12"
"1219","DH","JFK","IAD",0,7,"delayed","14"
"1220","DH","JFK","IAD",0,7,"ontime","16"
"1221","DH","JFK","IAD",0,7,"delayed","17"
"1222","DH","JFK","IAD",0,7,"ontime","21"
"1223","DH","JFK","IAD",0,7,"delayed","16"
"1224","DL","JFK","DCA",0,7,"delayed","14"
"1225","DL","LGA","DCA",0,7,"ontime","8"
"1226","DL","LGA","DCA",0,7,"ontime","10"
"1227","DL","LGA","DCA",0,7,"delayed","12"
"1228","DL","LGA","DCA",0,7,"ontime","14"
"1229","DL","LGA","DCA",0,7,"ontime","16"
"1230","DL","LGA","DCA",0,7,"delayed","18"
"1231","DL","LGA","DCA",0,7,"ontime","20"
"1232","MQ","JFK","DCA",0,7,"delayed","15"
"1233","MQ","JFK","DCA",0,7,"delayed","6"
"1234","MQ","JFK","DCA",0,7,"ontime","9"
"1235","MQ","JFK","DCA",0,7,"delayed","18"
"1236","MQ","LGA","DCA",0,7,"delayed","13"
"1237","MQ","LGA","DCA",0,7,"delayed","15"
"1238","MQ","LGA","DCA",0,7,"delayed","17"
"1239","MQ","LGA","DCA",0,7,"delayed","19"
"1240","UA","LGA","IAD",0,7,"ontime","8"
"1241","US","LGA","DCA",0,7,"ontime","9"
"1242","US","LGA","DCA",0,7,"ontime","10"
"1243","US","LGA","DCA",0,7,"ontime","11"
"1244","US","LGA","DCA",0,7,"ontime","12"
"1245","US","LGA","DCA",0,7,"delayed","13"
"1246","US","LGA","DCA",0,7,"ontime","14"
"1247","US","LGA","DCA",0,7,"delayed","16"
"1248","US","LGA","DCA",0,7,"ontime","18"
"1249","US","LGA","DCA",0,7,"ontime","19"
"1250","US","LGA","DCA",0,7,"ontime","20"
"1251","US","LGA","DCA",0,7,"ontime","21"
"1252","RU","EWR","BWI",1,7,"delayed","10"
"1253","RU","EWR","BWI",0,7,"delayed","13"
"1254","RU","EWR","BWI",0,7,"delayed","14"
"1255","CO","EWR","DCA",0,7,"ontime","13"
"1256","CO","EWR","DCA",0,7,"delayed","16"
"1257","CO","EWR","DCA",0,7,"delayed","19"
"1258","DH","EWR","IAD",0,7,"ontime","8"
"1259","DH","EWR","IAD",0,7,"delayed","17"
"1260","DH","EWR","IAD",0,7,"delayed","12"
"1261","DH","EWR","IAD",0,7,"ontime","21"
"1262","RU","EWR","IAD",0,7,"delayed","15"
"1263","RU","EWR","DCA",0,7,"delayed","13"
"1264","RU","EWR","IAD",0,7,"ontime","8"
"1265","RU","EWR","DCA",0,7,"ontime","9"
"1266","OH","JFK","BWI",0,1,"ontime","14"
"1267","DH","JFK","DCA",0,1,"ontime","16"
"1268","DH","LGA","IAD",0,1,"ontime","12"
"1269","DH","LGA","IAD",0,1,"ontime","14"
"1270","DH","LGA","IAD",0,1,"ontime","17"
"1271","DH","LGA","IAD",0,1,"delayed","21"
"1272","DH","LGA","IAD",0,1,"delayed","6"
"1273","DH","LGA","IAD",0,1,"ontime","10"
"1274","DH","JFK","IAD",0,1,"ontime","8"
"1275","DH","JFK","IAD",0,1,"ontime","12"
"1276","DH","JFK","IAD",0,1,"ontime","14"
"1277","DH","JFK","IAD",0,1,"ontime","16"
"1278","DH","JFK","IAD",0,1,"ontime","17"
"1279","DH","JFK","IAD",0,1,"ontime","21"
"1280","DH","JFK","IAD",0,1,"ontime","16"
"1281","DL","JFK","DCA",0,1,"delayed","14"
"1282","DL","LGA","DCA",0,1,"ontime","7"
"1283","DL","LGA","DCA",0,1,"ontime","8"
"1284","DL","LGA","DCA",0,1,"ontime","10"
"1285","DL","LGA","DCA",0,1,"ontime","12"
"1286","DL","LGA","DCA",0,1,"ontime","14"
"1287","DL","LGA","DCA",0,1,"ontime","15"
"1288","DL","LGA","DCA",0,1,"ontime","16"
"1289","DL","LGA","DCA",0,1,"ontime","18"
"1290","DL","LGA","DCA",0,1,"ontime","19"
"1291","DL","LGA","DCA",0,1,"ontime","20"
"1292","MQ","JFK","DCA",0,1,"ontime","15"
"1293","MQ","JFK","DCA",0,1,"ontime","6"
"1294","MQ","JFK","DCA",0,1,"delayed","18"
"1295","MQ","LGA","DCA",0,1,"delayed","7"
"1296","MQ","LGA","DCA",0,1,"delayed","8"
"1297","MQ","LGA","DCA",0,1,"ontime","9"
"1298","MQ","LGA","DCA",0,1,"ontime","11"
"1299","MQ","LGA","DCA",0,1,"ontime","13"
"1300","MQ","LGA","DCA",0,1,"ontime","14"
"1301","MQ","LGA","DCA",0,1,"delayed","15"
"1302","MQ","LGA","DCA",0,1,"ontime","16"
"1303","MQ","LGA","DCA",0,1,"ontime","17"
"1304","MQ","LGA","DCA",0,1,"delayed","19"
"1305","UA","LGA","IAD",0,1,"ontime","8"
"1306","US","LGA","DCA",0,1,"ontime","6"
"1307","US","LGA","DCA",0,1,"ontime","7"
"1308","US","LGA","DCA",0,1,"ontime","8"
"1309","US","LGA","DCA",0,1,"ontime","9"
"1310","US","LGA","DCA",0,1,"ontime","10"
"1311","US","LGA","DCA",0,1,"ontime","11"
"1312","US","LGA","DCA",0,1,"ontime","12"
"1313","US","LGA","DCA",0,1,"ontime","13"
"1314","US","LGA","DCA",0,1,"ontime","14"
"1315","US","LGA","DCA",0,1,"ontime","15"
"1316","US","LGA","DCA",0,1,"ontime","16"
"1317","US","LGA","DCA",0,1,"ontime","17"
"1318","US","LGA","DCA",0,1,"ontime","18"
"1319","US","LGA","DCA",0,1,"ontime","19"
"1320","US","LGA","DCA",0,1,"ontime","20"
"1321","US","LGA","DCA",0,1,"ontime","21"
"1322","RU","EWR","BWI",0,1,"ontime","17"
"1323","RU","EWR","BWI",0,1,"ontime","10"
"1324","RU","EWR","BWI",0,1,"ontime","7"
"1325","RU","EWR","BWI",0,1,"ontime","14"
"1326","CO","EWR","DCA",0,1,"delayed","17"
"1327","CO","EWR","DCA",0,1,"ontime","13"
"1328","CO","EWR","DCA",0,1,"ontime","7"
"1329","CO","EWR","DCA",0,1,"ontime","19"
"1330","DH","EWR","IAD",0,1,"ontime","8"
"1331","DH","EWR","IAD",0,1,"ontime","17"
"1332","DH","EWR","IAD",0,1,"ontime","12"
"1333","DH","EWR","IAD",0,1,"delayed","21"
"1334","DH","EWR","IAD",0,1,"ontime","6"
"1335","DH","EWR","IAD",0,1,"ontime","14"
"1336","RU","EWR","IAD",0,1,"delayed","19"
"1337","RU","EWR","IAD",0,1,"ontime","13"
"1338","RU","EWR","DCA",0,1,"ontime","6"
"1339","RU","EWR","DCA",0,1,"ontime","15"
"1340","RU","EWR","IAD",0,1,"ontime","7"
"1341","RU","EWR","IAD",0,1,"ontime","17"
"1342","RU","EWR","IAD",0,1,"ontime","15"
"1343","RU","EWR","DCA",0,1,"ontime","16"
"1344","RU","EWR","DCA",0,1,"ontime","13"
"1345","RU","EWR","DCA",0,1,"ontime","9"
"1346","RU","EWR","DCA",0,1,"ontime","21"
"1347","OH","JFK","BWI",0,2,"ontime","14"
"1348","DH","JFK","DCA",0,2,"ontime","16"
"1349","DH","LGA","IAD",0,2,"ontime","12"
"1350","DH","LGA","IAD",0,2,"ontime","14"
"1351","DH","LGA","IAD",0,2,"ontime","17"
"1352","DH","LGA","IAD",0,2,"ontime","21"
"1353","DH","LGA","IAD",0,2,"ontime","6"
"1354","DH","LGA","IAD",0,2,"ontime","10"
"1355","DH","JFK","IAD",0,2,"ontime","8"
"1356","DH","JFK","IAD",0,2,"delayed","12"
"1357","DH","JFK","IAD",0,2,"ontime","14"
"1358","DH","JFK","IAD",0,2,"ontime","16"
"1359","DH","JFK","IAD",0,2,"ontime","17"
"1360","DH","JFK","IAD",0,2,"ontime","21"
"1361","DH","JFK","IAD",0,2,"ontime","16"
"1362","DL","JFK","DCA",0,2,"delayed","14"
"1363","DL","LGA","DCA",0,2,"ontime","6"
"1364","DL","LGA","DCA",0,2,"ontime","7"
"1365","DL","LGA","DCA",0,2,"ontime","8"
"1366","DL","LGA","DCA",0,2,"ontime","9"
"1367","DL","LGA","DCA",0,2,"ontime","10"
"1368","DL","LGA","DCA",0,2,"ontime","11"
"1369","DL","LGA","DCA",0,2,"ontime","12"
"1370","DL","LGA","DCA",0,2,"ontime","13"
"1371","DL","LGA","DCA",0,2,"ontime","14"
"1372","DL","LGA","DCA",0,2,"ontime","15"
"1373","DL","LGA","DCA",0,2,"delayed","16"
"1374","DL","LGA","DCA",0,2,"ontime","17"
"1375","DL","LGA","DCA",0,2,"ontime","18"
"1376","DL","LGA","DCA",0,2,"ontime","19"
"1377","DL","LGA","DCA",0,2,"ontime","20"
"1378","MQ","JFK","DCA",0,2,"ontime","15"
"1379","MQ","JFK","DCA",0,2,"ontime","6"
"1380","MQ","JFK","DCA",0,2,"ontime","18"
"1381","MQ","LGA","DCA",0,2,"ontime","7"
"1382","MQ","LGA","DCA",0,2,"ontime","8"
"1383","MQ","LGA","DCA",0,2,"ontime","9"
"1384","MQ","LGA","DCA",0,2,"ontime","11"
"1385","MQ","LGA","DCA",0,2,"ontime","13"
"1386","MQ","LGA","DCA",0,2,"ontime","14"
"1387","MQ","LGA","DCA",0,2,"ontime","15"
"1388","MQ","LGA","DCA",0,2,"ontime","16"
"1389","MQ","LGA","DCA",0,2,"delayed","19"
"1390","UA","LGA","IAD",0,2,"ontime","8"
"1391","US","LGA","DCA",0,2,"ontime","6"
"1392","US","LGA","DCA",0,2,"ontime","7"
"1393","US","LGA","DCA",0,2,"ontime","8"
"1394","US","LGA","DCA",0,2,"ontime","9"
"1395","US","LGA","DCA",0,2,"ontime","10"
"1396","US","LGA","DCA",0,2,"ontime","11"
"1397","US","LGA","DCA",0,2,"ontime","12"
"1398","US","LGA","DCA",0,2,"ontime","13"
"1399","US","LGA","DCA",0,2,"ontime","14"
"1400","US","LGA","DCA",0,2,"ontime","15"
"1401","US","LGA","DCA",0,2,"ontime","16"
"1402","US","LGA","DCA",0,2,"ontime","17"
"1403","US","LGA","DCA",0,2,"ontime","18"
"1404","US","LGA","DCA",0,2,"ontime","19"
"1405","US","LGA","DCA",0,2,"ontime","20"
"1406","US","LGA","DCA",0,2,"ontime","21"
"1407","RU","EWR","BWI",0,2,"ontime","14"
"1408","RU","EWR","BWI",0,2,"ontime","10"
"1409","RU","EWR","BWI",0,2,"delayed","17"
"1410","RU","EWR","BWI",0,2,"ontime","7"
"1411","CO","EWR","DCA",0,2,"ontime","19"
"1412","CO","EWR","DCA",0,2,"ontime","17"
"1413","CO","EWR","DCA",0,2,"ontime","13"
"1414","CO","EWR","DCA",0,2,"ontime","7"
"1415","DH","EWR","IAD",0,2,"ontime","8"
"1416","DH","EWR","IAD",0,2,"ontime","17"
"1417","DH","EWR","IAD",0,2,"ontime","12"
"1418","DH","EWR","IAD",0,2,"ontime","21"
"1419","DH","EWR","IAD",0,2,"ontime","6"
"1420","DH","EWR","IAD",0,2,"ontime","14"
"1421","RU","EWR","DCA",0,2,"ontime","16"
"1422","RU","EWR","DCA",0,2,"ontime","21"
"1423","RU","EWR","DCA",0,2,"ontime","13"
"1424","RU","EWR","IAD",0,2,"ontime","17"
"1425","RU","EWR","DCA",0,2,"ontime","6"
"1426","RU","EWR","IAD",0,2,"ontime","19"
"1427","RU","EWR","DCA",0,2,"ontime","9"
"1428","RU","EWR","IAD",0,2,"ontime","13"
"1429","RU","EWR","DCA",0,2,"delayed","15"
"1430","RU","EWR","IAD",0,2,"ontime","15"
"1431","RU","EWR","IAD",0,2,"delayed","7"
"1432","OH","JFK","BWI",0,3,"ontime","14"
"1433","DH","LGA","IAD",0,3,"ontime","12"
"1434","DH","LGA","IAD",0,3,"ontime","14"
"1435","DH","LGA","IAD",0,3,"ontime","17"
"1436","DH","LGA","IAD",0,3,"delayed","21"
"1437","DH","LGA","IAD",0,3,"delayed","6"
"1438","DH","LGA","IAD",0,3,"ontime","10"
"1439","DH","JFK","IAD",0,3,"ontime","8"
"1440","DH","JFK","IAD",0,3,"ontime","12"
"1441","DH","JFK","IAD",0,3,"ontime","14"
"1442","DH","JFK","IAD",0,3,"ontime","16"
"1443","DH","JFK","IAD",0,3,"ontime","17"
"1444","DH","JFK","IAD",0,3,"ontime","21"
"1445","DH","JFK","IAD",0,3,"ontime","16"
"1446","DL","JFK","DCA",0,3,"ontime","14"
"1447","DL","LGA","DCA",0,3,"ontime","6"
"1448","DL","LGA","DCA",0,3,"ontime","7"
"1449","DL","LGA","DCA",0,3,"ontime","8"
"1450","DL","LGA","DCA",0,3,"ontime","9"
"1451","DL","LGA","DCA",0,3,"ontime","10"
"1452","DL","LGA","DCA",0,3,"ontime","11"
"1453","DL","LGA","DCA",0,3,"ontime","12"
"1454","DL","LGA","DCA",0,3,"ontime","13"
"1455","DL","LGA","DCA",0,3,"ontime","14"
"1456","DL","LGA","DCA",0,3,"ontime","15"
"1457","DL","LGA","DCA",0,3,"delayed","16"
"1458","DL","LGA","DCA",0,3,"ontime","17"
"1459","DL","LGA","DCA",0,3,"ontime","18"
"1460","DL","LGA","DCA",0,3,"ontime","19"
"1461","DL","LGA","DCA",0,3,"ontime","20"
"1462","MQ","JFK","DCA",0,3,"ontime","15"
"1463","MQ","JFK","DCA",0,3,"ontime","6"
"1464","MQ","JFK","DCA",0,3,"ontime","18"
"1465","MQ","LGA","DCA",0,3,"ontime","7"
"1466","MQ","LGA","DCA",0,3,"ontime","8"
"1467","MQ","LGA","DCA",0,3,"ontime","9"
"1468","MQ","LGA","DCA",0,3,"ontime","11"
"1469","MQ","LGA","DCA",0,3,"ontime","13"
"1470","MQ","LGA","DCA",0,3,"ontime","14"
"1471","MQ","LGA","DCA",0,3,"ontime","15"
"1472","MQ","LGA","DCA",0,3,"ontime","16"
"1473","MQ","LGA","DCA",0,3,"ontime","17"
"1474","MQ","LGA","DCA",0,3,"ontime","19"
"1475","UA","LGA","IAD",0,3,"ontime","8"
"1476","US","LGA","DCA",0,3,"ontime","6"
"1477","US","LGA","DCA",0,3,"ontime","7"
"1478","US","LGA","DCA",0,3,"ontime","8"
"1479","US","LGA","DCA",0,3,"ontime","9"
"1480","US","LGA","DCA",0,3,"ontime","10"
"1481","US","LGA","DCA",0,3,"ontime","11"
"1482","US","LGA","DCA",0,3,"ontime","12"
"1483","US","LGA","DCA",0,3,"ontime","13"
"1484","US","LGA","DCA",0,3,"ontime","14"
"1485","US","LGA","DCA",0,3,"ontime","15"
"1486","US","LGA","DCA",0,3,"ontime","16"
"1487","US","LGA","DCA",0,3,"ontime","17"
"1488","US","LGA","DCA",0,3,"ontime","18"
"1489","US","LGA","DCA",0,3,"ontime","19"
"1490","US","LGA","DCA",0,3,"ontime","20"
"1491","US","LGA","DCA",0,3,"ontime","21"
"1492","RU","EWR","BWI",0,3,"ontime","7"
"1493","RU","EWR","BWI",0,3,"ontime","14"
"1494","RU","EWR","BWI",0,3,"delayed","17"
"1495","RU","EWR","BWI",0,3,"ontime","10"
"1496","CO","EWR","DCA",0,3,"delayed","17"
"1497","CO","EWR","DCA",0,3,"ontime","19"
"1498","CO","EWR","DCA",0,3,"ontime","13"
"1499","CO","EWR","DCA",0,3,"ontime","7"
"1500","DH","EWR","IAD",0,3,"ontime","8"
"1501","DH","EWR","IAD",0,3,"delayed","17"
"1502","DH","EWR","IAD",0,3,"ontime","12"
"1503","DH","EWR","IAD",0,3,"ontime","21"
"1504","DH","EWR","IAD",0,3,"ontime","6"
"1505","DH","EWR","IAD",0,3,"ontime","14"
"1506","RU","EWR","DCA",0,3,"ontime","6"
"1507","RU","EWR","IAD",0,3,"delayed","15"
"1508","RU","EWR","DCA",0,3,"ontime","21"
"1509","RU","EWR","DCA",0,3,"delayed","16"
"1510","RU","EWR","IAD",0,3,"ontime","19"
"1511","RU","EWR","DCA",0,3,"delayed","15"
"1512","RU","EWR","IAD",0,3,"ontime","7"
"1513","RU","EWR","DCA",0,3,"ontime","13"
"1514","RU","EWR","IAD",0,3,"ontime","17"
"1515","RU","EWR","IAD",0,3,"ontime","13"
"1516","RU","EWR","DCA",0,3,"ontime","9"
"1517","OH","JFK","BWI",0,4,"delayed","14"
"1518","DH","JFK","DCA",0,4,"ontime","16"
"1519","DH","LGA","IAD",0,4,"delayed","12"
"1520","DH","LGA","IAD",0,4,"delayed","14"
"1521","DH","LGA","IAD",0,4,"ontime","17"
"1522","DH","LGA","IAD",0,4,"ontime","21"
"1523","DH","LGA","IAD",0,4,"ontime","6"
"1524","DH","LGA","IAD",0,4,"ontime","10"
"1525","DH","JFK","IAD",0,4,"ontime","8"
"1526","DH","JFK","IAD",0,4,"ontime","12"
"1527","DH","JFK","IAD",0,4,"ontime","14"
"1528","DH","JFK","IAD",0,4,"ontime","16"
"1529","DH","JFK","IAD",0,4,"ontime","17"
"1530","DH","JFK","IAD",0,4,"ontime","21"
"1531","DH","JFK","IAD",0,4,"ontime","16"
"1532","DL","JFK","DCA",0,4,"ontime","14"
"1533","DL","LGA","DCA",0,4,"ontime","6"
"1534","DL","LGA","DCA",0,4,"ontime","7"
"1535","DL","LGA","DCA",0,4,"ontime","8"
"1536","DL","LGA","DCA",0,4,"ontime","9"
"1537","DL","LGA","DCA",0,4,"ontime","10"
"1538","DL","LGA","DCA",0,4,"ontime","11"
"1539","DL","LGA","DCA",0,4,"ontime","12"
"1540","DL","LGA","DCA",0,4,"ontime","13"
"1541","DL","LGA","DCA",0,4,"delayed","14"
"1542","DL","LGA","DCA",0,4,"ontime","15"
"1543","DL","LGA","DCA",0,4,"delayed","16"
"1544","DL","LGA","DCA",0,4,"delayed","17"
"1545","DL","LGA","DCA",0,4,"ontime","18"
"1546","DL","LGA","DCA",0,4,"ontime","19"
"1547","DL","LGA","DCA",0,4,"ontime","20"
"1548","MQ","JFK","DCA",0,4,"ontime","15"
"1549","MQ","JFK","DCA",0,4,"ontime","6"
"1550","MQ","JFK","DCA",0,4,"ontime","18"
"1551","MQ","LGA","DCA",0,4,"ontime","7"
"1552","MQ","LGA","DCA",0,4,"ontime","8"
"1553","MQ","LGA","DCA",0,4,"ontime","9"
"1554","MQ","LGA","DCA",0,4,"ontime","11"
"1555","MQ","LGA","DCA",0,4,"ontime","13"
"1556","MQ","LGA","DCA",0,4,"ontime","14"
"1557","MQ","LGA","DCA",0,4,"ontime","15"
"1558","MQ","LGA","DCA",0,4,"ontime","16"
"1559","MQ","LGA","DCA",0,4,"ontime","17"
"1560","MQ","LGA","DCA",0,4,"ontime","19"
"1561","UA","LGA","IAD",0,4,"ontime","8"
"1562","US","LGA","DCA",0,4,"ontime","6"
"1563","US","LGA","DCA",0,4,"ontime","7"
"1564","US","LGA","DCA",0,4,"ontime","8"
"1565","US","LGA","DCA",0,4,"ontime","9"
"1566","US","LGA","DCA",0,4,"ontime","10"
"1567","US","LGA","DCA",0,4,"ontime","11"
"1568","US","LGA","DCA",0,4,"ontime","12"
"1569","US","LGA","DCA",0,4,"ontime","13"
"1570","US","LGA","DCA",0,4,"ontime","14"
"1571","US","LGA","DCA",0,4,"ontime","15"
"1572","US","LGA","DCA",0,4,"ontime","16"
"1573","US","LGA","DCA",0,4,"ontime","17"
"1574","US","LGA","DCA",0,4,"ontime","18"
"1575","US","LGA","DCA",0,4,"ontime","19"
"1576","US","LGA","DCA",0,4,"ontime","20"
"1577","US","LGA","DCA",0,4,"delayed","21"
"1578","RU","EWR","BWI",0,4,"ontime","7"
"1579","RU","EWR","BWI",0,4,"ontime","10"
"1580","RU","EWR","BWI",0,4,"ontime","14"
"1581","RU","EWR","BWI",0,4,"delayed","17"
"1582","CO","EWR","DCA",0,4,"ontime","13"
"1583","CO","EWR","DCA",0,4,"ontime","7"
"1584","CO","EWR","DCA",0,4,"ontime","19"
"1585","CO","EWR","DCA",0,4,"delayed","17"
"1586","DH","EWR","IAD",0,4,"ontime","8"
"1587","DH","EWR","IAD",0,4,"ontime","17"
"1588","DH","EWR","IAD",0,4,"ontime","12"
"1589","DH","EWR","IAD",0,4,"ontime","21"
"1590","DH","EWR","IAD",0,4,"ontime","6"
"1591","DH","EWR","IAD",0,4,"ontime","14"
"1592","RU","EWR","DCA",0,4,"ontime","13"
"1593","RU","EWR","DCA",0,4,"ontime","15"
"1594","RU","EWR","DCA",0,4,"ontime","16"
"1595","RU","EWR","IAD",0,4,"ontime","13"
"1596","RU","EWR","DCA",0,4,"ontime","6"
"1597","RU","EWR","IAD",0,4,"ontime","15"
"1598","RU","EWR","IAD",0,4,"ontime","17"
"1599","RU","EWR","IAD",0,4,"ontime","7"
"1600","RU","EWR","IAD",0,4,"ontime","19"
"1601","RU","EWR","DCA",0,4,"ontime","21"
"1602","RU","EWR","DCA",0,4,"ontime","9"
"1603","OH","JFK","BWI",0,5,"delayed","14"
"1604","DH","JFK","DCA",0,5,"ontime","16"
"1605","DH","LGA","IAD",0,5,"delayed","12"
"1606","DH","LGA","IAD",0,5,"ontime","17"
"1607","DH","LGA","IAD",0,5,"delayed","21"
"1608","DH","LGA","IAD",0,5,"ontime","6"
"1609","DH","LGA","IAD",0,5,"ontime","10"
"1610","DH","JFK","IAD",0,5,"ontime","8"
"1611","DH","JFK","IAD",0,5,"ontime","12"
"1612","DH","JFK","IAD",0,5,"ontime","14"
"1613","DH","JFK","IAD",0,5,"ontime","16"
"1614","DH","JFK","IAD",0,5,"ontime","17"
"1615","DH","JFK","IAD",0,5,"ontime","21"
"1616","DH","JFK","IAD",0,5,"ontime","16"
"1617","DL","JFK","DCA",0,5,"ontime","14"
"1618","DL","LGA","DCA",0,5,"ontime","6"
"1619","DL","LGA","DCA",0,5,"ontime","7"
"1620","DL","LGA","DCA",0,5,"ontime","8"
"1621","DL","LGA","DCA",0,5,"ontime","9"
"1622","DL","LGA","DCA",0,5,"ontime","10"
"1623","DL","LGA","DCA",0,5,"ontime","11"
"1624","DL","LGA","DCA",0,5,"ontime","12"
"1625","DL","LGA","DCA",0,5,"ontime","14"
"1626","DL","LGA","DCA",0,5,"ontime","15"
"1627","DL","LGA","DCA",0,5,"ontime","16"
"1628","DL","LGA","DCA",0,5,"ontime","17"
"1629","DL","LGA","DCA",0,5,"ontime","18"
"1630","DL","LGA","DCA",0,5,"ontime","19"
"1631","DL","LGA","DCA",0,5,"ontime","20"
"1632","MQ","JFK","DCA",0,5,"delayed","15"
"1633","MQ","JFK","DCA",0,5,"ontime","6"
"1634","MQ","JFK","DCA",0,5,"ontime","18"
"1635","MQ","LGA","DCA",0,5,"ontime","7"
"1636","MQ","LGA","DCA",0,5,"ontime","8"
"1637","MQ","LGA","DCA",0,5,"ontime","9"
"1638","MQ","LGA","DCA",0,5,"ontime","11"
"1639","MQ","LGA","DCA",0,5,"delayed","13"
"1640","MQ","LGA","DCA",0,5,"ontime","14"
"1641","MQ","LGA","DCA",0,5,"ontime","17"
"1642","MQ","LGA","DCA",0,5,"ontime","19"
"1643","UA","LGA","IAD",0,5,"ontime","8"
"1644","US","LGA","DCA",0,5,"ontime","6"
"1645","US","LGA","DCA",0,5,"ontime","7"
"1646","US","LGA","DCA",0,5,"ontime","8"
"1647","US","LGA","DCA",0,5,"ontime","9"
"1648","US","LGA","DCA",0,5,"ontime","10"
"1649","US","LGA","DCA",0,5,"ontime","11"
"1650","US","LGA","DCA",0,5,"ontime","12"
"1651","US","LGA","DCA",0,5,"delayed","13"
"1652","US","LGA","DCA",0,5,"ontime","14"
"1653","US","LGA","DCA",0,5,"ontime","15"
"1654","US","LGA","DCA",0,5,"ontime","17"
"1655","US","LGA","DCA",0,5,"ontime","18"
"1656","US","LGA","DCA",0,5,"ontime","19"
"1657","US","LGA","DCA",0,5,"ontime","20"
"1658","US","LGA","DCA",0,5,"ontime","21"
"1659","RU","EWR","BWI",0,5,"delayed","14"
"1660","RU","EWR","BWI",0,5,"ontime","10"
"1661","RU","EWR","BWI",0,5,"ontime","17"
"1662","RU","EWR","BWI",0,5,"ontime","7"
"1663","CO","EWR","DCA",0,5,"ontime","17"
"1664","CO","EWR","DCA",0,5,"ontime","13"
"1665","CO","EWR","DCA",0,5,"ontime","7"
"1666","CO","EWR","DCA",0,5,"delayed","19"
"1667","DH","EWR","IAD",0,5,"ontime","8"
"1668","DH","EWR","IAD",0,5,"delayed","17"
"1669","DH","EWR","IAD",0,5,"ontime","12"
"1670","DH","EWR","IAD",0,5,"delayed","21"
"1671","DH","EWR","IAD",0,5,"ontime","6"
"1672","DH","EWR","IAD",0,5,"ontime","14"
"1673","RU","EWR","DCA",0,5,"ontime","21"
"1674","RU","EWR","DCA",0,5,"ontime","16"
"1675","RU","EWR","IAD",0,5,"ontime","7"
"1676","RU","EWR","DCA",0,5,"ontime","6"
"1677","RU","EWR","IAD",0,5,"ontime","15"
"1678","RU","EWR","IAD",0,5,"ontime","19"
"1679","RU","EWR","IAD",0,5,"ontime","13"
"1680","RU","EWR","DCA",0,5,"delayed","15"
"1681","RU","EWR","IAD",0,5,"ontime","17"
"1682","RU","EWR","DCA",0,5,"ontime","9"
"1683","RU","EWR","DCA",0,5,"ontime","13"
"1684","OH","JFK","BWI",0,6,"ontime","14"
"1685","DH","JFK","DCA",0,6,"ontime","16"
"1686","DH","LGA","IAD",0,6,"ontime","12"
"1687","DH","LGA","IAD",0,6,"ontime","17"
"1688","DH","LGA","IAD",0,6,"ontime","21"
"1689","DH","JFK","IAD",0,6,"ontime","8"
"1690","DH","JFK","IAD",0,6,"ontime","12"
"1691","DH","JFK","IAD",0,6,"ontime","16"
"1692","DH","JFK","IAD",0,6,"delayed","17"
"1693","DH","JFK","IAD",0,6,"ontime","21"
"1694","DH","JFK","IAD",0,6,"ontime","18"
"1695","DL","JFK","DCA",0,6,"delayed","14"
"1696","DL","LGA","DCA",0,6,"ontime","7"
"1697","DL","LGA","DCA",0,6,"ontime","8"
"1698","DL","LGA","DCA",0,6,"ontime","10"
"1699","DL","LGA","DCA",0,6,"ontime","12"
"1700","DL","LGA","DCA",0,6,"ontime","14"
"1701","DL","LGA","DCA",0,6,"ontime","16"
"1702","DL","LGA","DCA",0,6,"ontime","18"
"1703","DL","LGA","DCA",0,6,"ontime","20"
"1704","MQ","JFK","DCA",0,6,"ontime","15"
"1705","MQ","JFK","DCA",0,6,"ontime","6"
"1706","MQ","JFK","DCA",0,6,"ontime","18"
"1707","MQ","LGA","DCA",0,6,"delayed","9"
"1708","MQ","LGA","DCA",0,6,"ontime","13"
"1709","UA","LGA","IAD",0,6,"ontime","8"
"1710","US","LGA","DCA",0,6,"ontime","7"
"1711","US","LGA","DCA",0,6,"ontime","9"
"1712","US","LGA","DCA",0,6,"ontime","11"
"1713","US","LGA","DCA",0,6,"ontime","13"
"1714","US","LGA","DCA",0,6,"ontime","15"
"1715","US","LGA","DCA",0,6,"ontime","17"
"1716","US","LGA","DCA",0,6,"ontime","19"
"1717","RU","EWR","BWI",0,6,"ontime","14"
"1718","RU","EWR","BWI",0,6,"ontime","17"
"1719","RU","EWR","BWI",0,6,"delayed","7"
"1720","RU","EWR","BWI",0,6,"ontime","10"
"1721","CO","EWR","DCA",0,6,"ontime","13"
"1722","DH","EWR","IAD",0,6,"ontime","8"
"1723","DH","EWR","IAD",0,6,"ontime","17"
"1724","DH","EWR","IAD",0,6,"ontime","12"
"1725","DH","EWR","IAD",0,6,"ontime","21"
"1726","RU","EWR","DCA",0,6,"ontime","9"
"1727","RU","EWR","IAD",0,6,"ontime","15"
"1728","RU","EWR","DCA",0,6,"ontime","16"
"1729","RU","EWR","IAD",0,6,"delayed","7"
"1730","RU","EWR","DCA",0,6,"ontime","6"
"1731","RU","EWR","DCA",0,6,"ontime","13"
"1732","RU","EWR","IAD",0,6,"ontime","17"
"1733","RU","EWR","DCA",0,6,"ontime","17"
"1734","OH","JFK","BWI",0,7,"ontime","14"
"1735","DH","JFK","DCA",0,7,"ontime","16"
"1736","DH","LGA","IAD",0,7,"ontime","12"
"1737","DH","LGA","IAD",0,7,"ontime","14"
"1738","DH","LGA","IAD",0,7,"delayed","17"
"1739","DH","LGA","IAD",0,7,"delayed","21"
"1740","DH","JFK","IAD",0,7,"ontime","8"
"1741","DH","JFK","IAD",0,7,"delayed","12"
"1742","DH","JFK","IAD",0,7,"ontime","14"
"1743","DH","JFK","IAD",0,7,"ontime","16"
"1744","DH","JFK","IAD",0,7,"delayed","17"
"1745","DH","JFK","IAD",1,7,"delayed","21"
"1746","DH","JFK","IAD",0,7,"ontime","16"
"1747","DL","JFK","DCA",0,7,"delayed","14"
"1748","DL","LGA","DCA",0,7,"ontime","8"
"1749","DL","LGA","DCA",0,7,"ontime","10"
"1750","DL","LGA","DCA",0,7,"ontime","11"
"1751","DL","LGA","DCA",0,7,"ontime","12"
"1752","DL","LGA","DCA",0,7,"ontime","13"
"1753","DL","LGA","DCA",0,7,"ontime","14"
"1754","DL","LGA","DCA",0,7,"ontime","15"
"1755","DL","LGA","DCA",0,7,"ontime","16"
"1756","DL","LGA","DCA",0,7,"ontime","17"
"1757","DL","LGA","DCA",0,7,"ontime","18"
"1758","DL","LGA","DCA",0,7,"ontime","19"
"1759","DL","LGA","DCA",0,7,"ontime","20"
"1760","MQ","JFK","DCA",0,7,"delayed","15"
"1761","MQ","JFK","DCA",0,7,"ontime","9"
"1762","MQ","JFK","DCA",0,7,"ontime","18"
"1763","MQ","LGA","DCA",0,7,"ontime","13"
"1764","MQ","LGA","DCA",0,7,"delayed","15"
"1765","MQ","LGA","DCA",0,7,"ontime","17"
"1766","MQ","LGA","DCA",0,7,"ontime","19"
"1767","UA","LGA","IAD",0,7,"ontime","8"
"1768","US","LGA","DCA",0,7,"ontime","9"
"1769","US","LGA","DCA",0,7,"ontime","10"
"1770","US","LGA","DCA",0,7,"ontime","11"
"1771","US","LGA","DCA",0,7,"ontime","12"
"1772","US","LGA","DCA",0,7,"ontime","13"
"1773","US","LGA","DCA",0,7,"ontime","14"
"1774","US","LGA","DCA",0,7,"ontime","15"
"1775","US","LGA","DCA",0,7,"ontime","16"
"1776","US","LGA","DCA",0,7,"ontime","17"
"1777","US","LGA","DCA",0,7,"ontime","18"
"1778","US","LGA","DCA",0,7,"ontime","19"
"1779","US","LGA","DCA",0,7,"ontime","20"
"1780","US","LGA","DCA",0,7,"delayed","21"
"1781","RU","EWR","BWI",0,7,"ontime","14"
"1782","RU","EWR","BWI",0,7,"delayed","10"
"1783","RU","EWR","BWI",0,7,"ontime","17"
"1784","RU","EWR","BWI",0,7,"ontime","13"
"1785","CO","EWR","DCA",0,7,"ontime","16"
"1786","CO","EWR","DCA",0,7,"ontime","13"
"1787","CO","EWR","DCA",0,7,"ontime","19"
"1788","DH","EWR","IAD",0,7,"ontime","8"
"1789","DH","EWR","IAD",0,7,"ontime","17"
"1790","DH","EWR","IAD",0,7,"ontime","12"
"1791","DH","EWR","IAD",0,7,"delayed","21"
"1792","DH","EWR","IAD",0,7,"delayed","14"
"1793","RU","EWR","DCA",0,7,"delayed","21"
"1794","RU","EWR","DCA",0,7,"ontime","9"
"1795","RU","EWR","IAD",0,7,"ontime","8"
"1796","RU","EWR","IAD",0,7,"delayed","19"
"1797","RU","EWR","IAD",0,7,"ontime","15"
"1798","RU","EWR","IAD",0,7,"ontime","17"
"1799","RU","EWR","DCA",0,7,"ontime","13"
"1800","RU","EWR","DCA",0,7,"ontime","17"
"1801","OH","JFK","BWI",0,1,"ontime","14"
"1802","DH","LGA","IAD",0,1,"ontime","12"
"1803","DH","LGA","IAD",0,1,"delayed","14"
"1804","DH","LGA","IAD",0,1,"delayed","17"
"1805","DH","LGA","IAD",0,1,"delayed","21"
"1806","DH","LGA","IAD",0,1,"delayed","6"
"1807","DH","LGA","IAD",0,1,"delayed","10"
"1808","DH","JFK","IAD",0,1,"ontime","8"
"1809","DH","JFK","IAD",0,1,"ontime","12"
"1810","DH","JFK","IAD",0,1,"delayed","14"
"1811","DH","JFK","IAD",0,1,"delayed","16"
"1812","DH","JFK","IAD",0,1,"delayed","17"
"1813","DH","JFK","IAD",0,1,"ontime","21"
"1814","DH","JFK","IAD",0,1,"ontime","16"
"1815","DL","JFK","DCA",1,1,"delayed","14"
"1816","DL","LGA","DCA",1,1,"delayed","7"
"1817","DL","LGA","DCA",0,1,"ontime","9"
"1818","DL","LGA","DCA",0,1,"ontime","10"
"1819","DL","LGA","DCA",0,1,"ontime","11"
"1820","DL","LGA","DCA",0,1,"ontime","12"
"1821","DL","LGA","DCA",0,1,"ontime","13"
"1822","DL","LGA","DCA",0,1,"delayed","14"
"1823","DL","LGA","DCA",1,1,"delayed","15"
"1824","DL","LGA","DCA",0,1,"ontime","16"
"1825","DL","LGA","DCA",0,1,"ontime","17"
"1826","DL","LGA","DCA",0,1,"ontime","19"
"1827","DL","LGA","DCA",0,1,"ontime","20"
"1828","MQ","JFK","DCA",1,1,"delayed","15"
"1829","MQ","JFK","DCA",1,1,"delayed","18"
"1830","MQ","LGA","DCA",1,1,"delayed","8"
"1831","MQ","LGA","DCA",1,1,"delayed","9"
"1832","MQ","LGA","DCA",1,1,"delayed","13"
"1833","MQ","LGA","DCA",1,1,"delayed","19"
"1834","UA","LGA","IAD",1,1,"delayed","8"
"1835","US","LGA","DCA",0,1,"delayed","6"
"1836","US","LGA","DCA",0,1,"delayed","7"
"1837","US","LGA","DCA",0,1,"ontime","8"
"1838","US","LGA","DCA",1,1,"delayed","9"
"1839","US","LGA","DCA",0,1,"ontime","10"
"1840","US","LGA","DCA",0,1,"delayed","11"
"1841","US","LGA","DCA",0,1,"ontime","14"
"1842","US","LGA","DCA",0,1,"ontime","16"
"1843","US","LGA","DCA",0,1,"ontime","17"
"1844","US","LGA","DCA",0,1,"ontime","18"
"1845","US","LGA","DCA",0,1,"ontime","19"
"1846","US","LGA","DCA",0,1,"ontime","20"
"1847","US","LGA","DCA",0,1,"delayed","21"
"1848","RU","EWR","BWI",0,1,"delayed","17"
"1849","RU","EWR","BWI",0,1,"ontime","14"
"1850","CO","EWR","DCA",1,1,"delayed","7"
"1851","CO","EWR","DCA",0,1,"delayed","19"
"1852","CO","EWR","DCA",0,1,"ontime","13"
"1853","DH","EWR","IAD",0,1,"ontime","8"
"1854","DH","EWR","IAD",0,1,"delayed","12"
"1855","DH","EWR","IAD",0,1,"delayed","21"
"1856","DH","EWR","IAD",0,1,"ontime","6"
"1857","DH","EWR","IAD",1,1,"delayed","14"
"1858","RU","EWR","IAD",0,1,"delayed","15"
"1859","RU","EWR","DCA",0,1,"ontime","21"
"1860","RU","EWR","DCA",0,1,"ontime","9"
"1861","RU","EWR","IAD",0,1,"delayed","19"
"1862","RU","EWR","IAD",0,1,"ontime","13"
"1863","RU","EWR","IAD",0,1,"delayed","17"
"1864","RU","EWR","DCA",0,1,"ontime","13"
"1865","RU","EWR","DCA",1,1,"delayed","15"
"1866","OH","JFK","BWI",0,2,"ontime","14"
"1867","DH","JFK","DCA",0,2,"delayed","16"
"1868","DH","LGA","IAD",1,2,"delayed","12"
"1869","DH","LGA","IAD",1,2,"delayed","14"
"1870","DH","LGA","IAD",1,2,"delayed","17"
"1871","DH","LGA","IAD",1,2,"delayed","6"
"1872","DH","LGA","IAD",0,2,"ontime","10"
"1873","DH","JFK","IAD",0,2,"delayed","8"
"1874","DH","JFK","IAD",0,2,"delayed","12"
"1875","DH","JFK","IAD",1,2,"delayed","14"
"1876","DH","JFK","IAD",1,2,"delayed","17"
"1877","DH","JFK","IAD",1,2,"delayed","21"
"1878","DL","JFK","DCA",0,2,"delayed","14"
"1879","DL","LGA","DCA",0,2,"ontime","7"
"1880","DL","LGA","DCA",0,2,"delayed","8"
"1881","DL","LGA","DCA",0,2,"ontime","10"
"1882","DL","LGA","DCA",0,2,"ontime","12"
"1883","DL","LGA","DCA",0,2,"ontime","14"
"1884","DL","LGA","DCA",0,2,"delayed","16"
"1885","DL","LGA","DCA",0,2,"delayed","18"
"1886","DL","LGA","DCA",0,2,"delayed","20"
"1887","MQ","JFK","DCA",0,2,"delayed","15"
"1888","MQ","JFK","DCA",1,2,"delayed","18"
"1889","MQ","LGA","DCA",0,2,"delayed","7"
"1890","MQ","LGA","DCA",0,2,"ontime","8"
"1891","MQ","LGA","DCA",1,2,"delayed","14"
"1892","MQ","LGA","DCA",0,2,"ontime","15"
"1893","MQ","LGA","DCA",1,2,"delayed","16"
"1894","UA","LGA","IAD",1,2,"delayed","8"
"1895","US","LGA","DCA",0,2,"ontime","6"
"1896","US","LGA","DCA",0,2,"ontime","7"
"1897","US","LGA","DCA",0,2,"ontime","8"
"1898","US","LGA","DCA",0,2,"ontime","9"
"1899","US","LGA","DCA",0,2,"ontime","10"
"1900","US","LGA","DCA",0,2,"ontime","11"
"1901","US","LGA","DCA",0,2,"ontime","12"
"1902","US","LGA","DCA",0,2,"ontime","13"
"1903","US","LGA","DCA",0,2,"ontime","14"
"1904","US","LGA","DCA",0,2,"ontime","15"
"1905","US","LGA","DCA",0,2,"ontime","16"
"1906","US","LGA","DCA",0,2,"ontime","17"
"1907","RU","EWR","BWI",0,2,"delayed","7"
"1908","CO","EWR","DCA",1,2,"delayed","17"
"1909","CO","EWR","DCA",0,2,"delayed","13"
"1910","DH","EWR","IAD",0,2,"delayed","8"
"1911","DH","EWR","IAD",1,2,"delayed","17"
"1912","DH","EWR","IAD",0,2,"delayed","12"
"1913","DH","EWR","IAD",0,2,"delayed","21"
"1914","DH","EWR","IAD",1,2,"delayed","14"
"1915","RU","EWR","IAD",0,2,"delayed","15"
"1916","RU","EWR","IAD",1,2,"delayed","7"
"1917","RU","EWR","DCA",0,2,"ontime","6"
"1918","OH","JFK","BWI",0,3,"ontime","14"
"1919","DH","JFK","DCA",0,3,"ontime","16"
"1920","DH","LGA","IAD",0,3,"ontime","12"
"1921","DH","LGA","IAD",0,3,"delayed","14"
"1922","DH","LGA","IAD",0,3,"ontime","17"
"1923","DH","LGA","IAD",0,3,"delayed","21"
"1924","DH","LGA","IAD",0,3,"ontime","6"
"1925","DH","LGA","IAD",0,3,"ontime","10"
"1926","DH","JFK","IAD",0,3,"delayed","8"
"1927","DH","JFK","IAD",0,3,"delayed","12"
"1928","DH","JFK","IAD",0,3,"ontime","14"
"1929","DH","JFK","IAD",0,3,"ontime","16"
"1930","DH","JFK","IAD",0,3,"delayed","17"
"1931","DH","JFK","IAD",0,3,"ontime","21"
"1932","DH","JFK","IAD",0,3,"ontime","16"
"1933","DL","JFK","DCA",0,3,"ontime","14"
"1934","DL","LGA","DCA",0,3,"ontime","7"
"1935","DL","LGA","DCA",0,3,"ontime","9"
"1936","DL","LGA","DCA",0,3,"ontime","11"
"1937","DL","LGA","DCA",0,3,"ontime","13"
"1938","DL","LGA","DCA",0,3,"ontime","15"
"1939","DL","LGA","DCA",0,3,"ontime","17"
"1940","DL","LGA","DCA",0,3,"ontime","18"
"1941","DL","LGA","DCA",0,3,"delayed","20"
"1942","MQ","JFK","DCA",0,3,"ontime","15"
"1943","MQ","JFK","DCA",0,3,"ontime","18"
"1944","MQ","LGA","DCA",0,3,"delayed","8"
"1945","MQ","LGA","DCA",0,3,"delayed","14"
"1946","MQ","LGA","DCA",0,3,"ontime","15"
"1947","MQ","LGA","DCA",0,3,"ontime","16"
"1948","MQ","LGA","DCA",0,3,"delayed","17"
"1949","MQ","LGA","DCA",0,3,"delayed","19"
"1950","UA","LGA","IAD",0,3,"ontime","8"
"1951","US","LGA","DCA",0,3,"ontime","6"
"1952","US","LGA","DCA",0,3,"ontime","7"
"1953","US","LGA","DCA",0,3,"delayed","8"
"1954","US","LGA","DCA",0,3,"delayed","9"
"1955","US","LGA","DCA",0,3,"ontime","10"
"1956","US","LGA","DCA",0,3,"ontime","11"
"1957","US","LGA","DCA",0,3,"ontime","13"
"1958","US","LGA","DCA",0,3,"delayed","15"
"1959","US","LGA","DCA",0,3,"delayed","16"
"1960","US","LGA","DCA",0,3,"ontime","17"
"1961","US","LGA","DCA",0,3,"ontime","18"
"1962","US","LGA","DCA",0,3,"ontime","19"
"1963","US","LGA","DCA",0,3,"delayed","20"
"1964","US","LGA","DCA",0,3,"ontime","21"
"1965","RU","EWR","BWI",0,3,"ontime","14"
"1966","RU","EWR","BWI",0,3,"ontime","10"
"1967","RU","EWR","BWI",0,3,"delayed","17"
"1968","CO","EWR","DCA",0,3,"ontime","17"
"1969","CO","EWR","DCA",0,3,"delayed","19"
"1970","CO","EWR","DCA",0,3,"ontime","13"
"1971","DH","EWR","IAD",0,3,"ontime","8"
"1972","DH","EWR","IAD",0,3,"delayed","17"
"1973","DH","EWR","IAD",0,3,"delayed","12"
"1974","DH","EWR","IAD",0,3,"ontime","21"
"1975","DH","EWR","IAD",0,3,"ontime","6"
"1976","DH","EWR","IAD",0,3,"ontime","14"
"1977","RU","EWR","DCA",0,3,"ontime","13"
"1978","RU","EWR","IAD",0,3,"ontime","17"
"1979","RU","EWR","DCA",0,3,"delayed","21"
"1980","RU","EWR","IAD",0,3,"ontime","19"
"1981","RU","EWR","DCA",0,3,"ontime","16"
"1982","RU","EWR","DCA",0,3,"delayed","9"
"1983","RU","EWR","IAD",0,3,"ontime","7"
"1984","RU","EWR","DCA",0,3,"ontime","15"
"1985","RU","EWR","IAD",0,3,"ontime","15"
"1986","OH","JFK","BWI",0,4,"ontime","14"
"1987","DH","JFK","DCA",0,4,"ontime","16"
"1988","DH","LGA","IAD",0,4,"delayed","12"
"1989","DH","LGA","IAD",0,4,"delayed","14"
"1990","DH","LGA","IAD",0,4,"delayed","17"
"1991","DH","LGA","IAD",0,4,"ontime","21"
"1992","DH","LGA","IAD",0,4,"delayed","6"
"1993","DH","JFK","IAD",0,4,"ontime","8"
"1994","DH","JFK","IAD",0,4,"ontime","12"
"1995","DH","JFK","IAD",0,4,"ontime","14"
"1996","DH","JFK","IAD",0,4,"ontime","16"
"1997","DH","JFK","IAD",0,4,"ontime","17"
"1998","DH","JFK","IAD",0,4,"ontime","21"
"1999","DH","JFK","IAD",0,4,"ontime","16"
"2000","DL","JFK","DCA",0,4,"delayed","14"
"2001","DL","LGA","DCA",0,4,"ontime","6"
"2002","DL","LGA","DCA",0,4,"ontime","7"
"2003","DL","LGA","DCA",0,4,"delayed","8"
"2004","DL","LGA","DCA",0,4,"ontime","10"
"2005","DL","LGA","DCA",0,4,"ontime","11"
"2006","DL","LGA","DCA",0,4,"ontime","12"
"2007","DL","LGA","DCA",0,4,"ontime","13"
"2008","DL","LGA","DCA",0,4,"ontime","14"
"2009","DL","LGA","DCA",0,4,"ontime","15"
"2010","DL","LGA","DCA",0,4,"ontime","16"
"2011","DL","LGA","DCA",0,4,"ontime","17"
"2012","DL","LGA","DCA",0,4,"ontime","18"
"2013","DL","LGA","DCA",0,4,"ontime","19"
"2014","DL","LGA","DCA",0,4,"ontime","20"
"2015","MQ","JFK","DCA",0,4,"delayed","15"
"2016","MQ","JFK","DCA",0,4,"ontime","6"
"2017","MQ","JFK","DCA",0,4,"ontime","18"
"2018","MQ","LGA","DCA",0,4,"delayed","7"
"2019","MQ","LGA","DCA",0,4,"ontime","8"
"2020","MQ","LGA","DCA",0,4,"ontime","9"
"2021","MQ","LGA","DCA",0,4,"ontime","13"
"2022","MQ","LGA","DCA",0,4,"delayed","14"
"2023","MQ","LGA","DCA",0,4,"delayed","15"
"2024","MQ","LGA","DCA",0,4,"ontime","17"
"2025","MQ","LGA","DCA",0,4,"ontime","19"
"2026","UA","LGA","IAD",0,4,"ontime","8"
"2027","US","LGA","DCA",0,4,"ontime","6"
"2028","US","LGA","DCA",0,4,"delayed","7"
"2029","US","LGA","DCA",0,4,"ontime","8"
"2030","US","LGA","DCA",0,4,"ontime","9"
"2031","US","LGA","DCA",0,4,"ontime","10"
"2032","US","LGA","DCA",0,4,"ontime","11"
"2033","US","LGA","DCA",0,4,"ontime","12"
"2034","US","LGA","DCA",0,4,"ontime","13"
"2035","US","LGA","DCA",0,4,"ontime","14"
"2036","US","LGA","DCA",0,4,"ontime","15"
"2037","US","LGA","DCA",0,4,"ontime","16"
"2038","US","LGA","DCA",0,4,"ontime","17"
"2039","US","LGA","DCA",0,4,"ontime","18"
"2040","US","LGA","DCA",0,4,"ontime","19"
"2041","US","LGA","DCA",0,4,"ontime","20"
"2042","US","LGA","DCA",0,4,"ontime","21"
"2043","RU","EWR","BWI",0,4,"ontime","17"
"2044","RU","EWR","BWI",0,4,"ontime","7"
"2045","RU","EWR","BWI",0,4,"ontime","10"
"2046","RU","EWR","BWI",0,4,"ontime","14"
"2047","CO","EWR","DCA",0,4,"ontime","13"
"2048","CO","EWR","DCA",0,4,"ontime","17"
"2049","CO","EWR","DCA",0,4,"ontime","7"
"2050","CO","EWR","DCA",0,4,"ontime","19"
"2051","DH","EWR","IAD",0,4,"delayed","8"
"2052","DH","EWR","IAD",0,4,"ontime","17"
"2053","DH","EWR","IAD",0,4,"ontime","12"
"2054","DH","EWR","IAD",0,4,"delayed","21"
"2055","DH","EWR","IAD",0,4,"ontime","6"
"2056","DH","EWR","IAD",0,4,"ontime","14"
"2057","RU","EWR","DCA",0,4,"ontime","21"
"2058","RU","EWR","DCA",0,4,"ontime","16"
"2059","RU","EWR","IAD",0,4,"ontime","15"
"2060","RU","EWR","DCA",0,4,"ontime","6"
"2061","RU","EWR","IAD",0,4,"ontime","7"
"2062","RU","EWR","IAD",0,4,"ontime","19"
"2063","RU","EWR","DCA",0,4,"delayed","13"
"2064","RU","EWR","IAD",0,4,"ontime","13"
"2065","RU","EWR","DCA",0,4,"delayed","15"
"2066","RU","EWR","DCA",0,4,"ontime","9"
"2067","RU","EWR","IAD",0,4,"ontime","17"
"2068","OH","JFK","BWI",0,5,"ontime","14"
"2069","DH","JFK","DCA",0,5,"ontime","16"
"2070","DH","LGA","IAD",0,5,"ontime","12"
"2071","DH","LGA","IAD",0,5,"delayed","14"
"2072","DH","LGA","IAD",0,5,"ontime","17"
"2073","DH","LGA","IAD",0,5,"ontime","21"
"2074","DH","LGA","IAD",0,5,"ontime","6"
"2075","DH","LGA","IAD",0,5,"ontime","10"
"2076","DH","JFK","IAD",0,5,"ontime","8"
"2077","DH","JFK","IAD",0,5,"ontime","12"
"2078","DH","JFK","IAD",0,5,"ontime","14"
"2079","DH","JFK","IAD",0,5,"ontime","16"
"2080","DH","JFK","IAD",0,5,"ontime","17"
"2081","DH","JFK","IAD",0,5,"delayed","21"
"2082","DH","JFK","IAD",0,5,"ontime","16"
"2083","DL","JFK","DCA",0,5,"delayed","14"
"2084","DL","LGA","DCA",0,5,"ontime","6"
"2085","DL","LGA","DCA",0,5,"ontime","7"
"2086","DL","LGA","DCA",0,5,"ontime","8"
"2087","DL","LGA","DCA",0,5,"ontime","9"
"2088","DL","LGA","DCA",0,5,"ontime","10"
"2089","DL","LGA","DCA",0,5,"ontime","11"
"2090","DL","LGA","DCA",0,5,"ontime","12"
"2091","DL","LGA","DCA",0,5,"ontime","13"
"2092","DL","LGA","DCA",0,5,"ontime","14"
"2093","DL","LGA","DCA",0,5,"ontime","15"
"2094","DL","LGA","DCA",0,5,"ontime","16"
"2095","DL","LGA","DCA",0,5,"ontime","17"
"2096","DL","LGA","DCA",0,5,"ontime","18"
"2097","DL","LGA","DCA",0,5,"ontime","19"
"2098","DL","LGA","DCA",0,5,"ontime","20"
"2099","MQ","JFK","DCA",0,5,"ontime","15"
"2100","MQ","JFK","DCA",0,5,"ontime","18"
"2101","MQ","LGA","DCA",0,5,"ontime","7"
"2102","MQ","LGA","DCA",1,5,"delayed","8"
"2103","MQ","LGA","DCA",0,5,"ontime","9"
"2104","MQ","LGA","DCA",0,5,"ontime","11"
"2105","MQ","LGA","DCA",0,5,"ontime","13"
"2106","MQ","LGA","DCA",0,5,"ontime","14"
"2107","MQ","LGA","DCA",0,5,"ontime","15"
"2108","MQ","LGA","DCA",0,5,"delayed","16"
"2109","MQ","LGA","DCA",0,5,"ontime","17"
"2110","UA","LGA","IAD",0,5,"ontime","8"
"2111","US","LGA","DCA",0,5,"ontime","6"
"2112","US","LGA","DCA",0,5,"ontime","7"
"2113","US","LGA","DCA",0,5,"ontime","8"
"2114","US","LGA","DCA",0,5,"ontime","9"
"2115","US","LGA","DCA",0,5,"ontime","10"
"2116","US","LGA","DCA",0,5,"ontime","11"
"2117","US","LGA","DCA",0,5,"ontime","12"
"2118","US","LGA","DCA",0,5,"ontime","13"
"2119","US","LGA","DCA",0,5,"ontime","14"
"2120","US","LGA","DCA",0,5,"ontime","15"
"2121","US","LGA","DCA",0,5,"ontime","16"
"2122","US","LGA","DCA",0,5,"delayed","17"
"2123","US","LGA","DCA",0,5,"ontime","18"
"2124","US","LGA","DCA",0,5,"ontime","19"
"2125","US","LGA","DCA",0,5,"ontime","20"
"2126","US","LGA","DCA",0,5,"ontime","21"
"2127","RU","EWR","BWI",0,5,"delayed","17"
"2128","RU","EWR","BWI",0,5,"ontime","7"
"2129","RU","EWR","BWI",0,5,"delayed","14"
"2130","RU","EWR","BWI",0,5,"ontime","10"
"2131","CO","EWR","DCA",0,5,"ontime","17"
"2132","CO","EWR","DCA",0,5,"ontime","13"
"2133","CO","EWR","DCA",0,5,"ontime","19"
"2134","CO","EWR","DCA",0,5,"ontime","7"
"2135","DH","EWR","IAD",0,5,"ontime","8"
"2136","DH","EWR","IAD",0,5,"ontime","17"
"2137","DH","EWR","IAD",0,5,"delayed","12"
"2138","DH","EWR","IAD",0,5,"ontime","21"
"2139","DH","EWR","IAD",0,5,"ontime","6"
"2140","DH","EWR","IAD",0,5,"ontime","14"
"2141","RU","EWR","IAD",0,5,"ontime","13"
"2142","RU","EWR","DCA",0,5,"ontime","21"
"2143","RU","EWR","IAD",0,5,"delayed","17"
"2144","RU","EWR","IAD",0,5,"delayed","19"
"2145","RU","EWR","DCA",0,5,"ontime","6"
"2146","RU","EWR","DCA",0,5,"delayed","13"
"2147","RU","EWR","DCA",0,5,"delayed","15"
"2148","RU","EWR","DCA",0,5,"ontime","16"
"2149","RU","EWR","DCA",0,5,"ontime","9"
"2150","RU","EWR","IAD",0,5,"delayed","15"
"2151","RU","EWR","IAD",0,5,"delayed","7"
"2152","OH","JFK","BWI",0,6,"ontime","14"
"2153","DH","JFK","DCA",0,6,"ontime","16"
"2154","DH","LGA","IAD",0,6,"ontime","12"
"2155","DH","LGA","IAD",0,6,"ontime","17"
"2156","DH","LGA","IAD",0,6,"ontime","21"
"2157","DH","JFK","IAD",0,6,"delayed","8"
"2158","DH","JFK","IAD",0,6,"ontime","12"
"2159","DH","JFK","IAD",0,6,"ontime","16"
"2160","DH","JFK","IAD",0,6,"ontime","17"
"2161","DH","JFK","IAD",0,6,"ontime","21"
"2162","DH","JFK","IAD",0,6,"ontime","18"
"2163","DL","JFK","DCA",0,6,"ontime","14"
"2164","DL","LGA","DCA",0,6,"ontime","7"
"2165","DL","LGA","DCA",0,6,"delayed","8"
"2166","DL","LGA","DCA",0,6,"ontime","10"
"2167","DL","LGA","DCA",0,6,"ontime","12"
"2168","DL","LGA","DCA",0,6,"ontime","14"
"2169","DL","LGA","DCA",0,6,"ontime","16"
"2170","DL","LGA","DCA",0,6,"ontime","18"
"2171","DL","LGA","DCA",0,6,"ontime","20"
"2172","MQ","JFK","DCA",0,6,"ontime","15"
"2173","MQ","JFK","DCA",0,6,"ontime","6"
"2174","MQ","JFK","DCA",0,6,"ontime","18"
"2175","MQ","LGA","DCA",0,6,"ontime","9"
"2176","MQ","LGA","DCA",0,6,"ontime","13"
"2177","UA","LGA","IAD",0,6,"ontime","8"
"2178","US","LGA","DCA",0,6,"ontime","7"
"2179","US","LGA","DCA",0,6,"ontime","9"
"2180","US","LGA","DCA",0,6,"ontime","11"
"2181","US","LGA","DCA",0,6,"ontime","13"
"2182","US","LGA","DCA",0,6,"ontime","15"
"2183","US","LGA","DCA",0,6,"ontime","17"
"2184","US","LGA","DCA",0,6,"ontime","19"
"2185","RU","EWR","BWI",0,6,"ontime","10"
"2186","RU","EWR","BWI",0,6,"ontime","14"
"2187","RU","EWR","BWI",0,6,"ontime","17"
"2188","RU","EWR","BWI",0,6,"ontime","7"
"2189","CO","EWR","DCA",0,6,"ontime","13"
"2190","DH","EWR","IAD",0,6,"ontime","8"
"2191","DH","EWR","IAD",0,6,"ontime","17"
"2192","DH","EWR","IAD",0,6,"ontime","12"
"2193","DH","EWR","IAD",0,6,"ontime","21"
"2194","RU","EWR","IAD",0,6,"ontime","15"
"2195","RU","EWR","DCA",0,6,"ontime","9"
"2196","RU","EWR","IAD",0,6,"ontime","7"
"2197","RU","EWR","DCA",0,6,"ontime","6"
"2198","RU","EWR","IAD",0,6,"ontime","17"
"2199","RU","EWR","DCA",0,6,"ontime","16"
"2200","RU","EWR","DCA",0,6,"ontime","13"
"2201","RU","EWR","DCA",0,6,"ontime","17"
