"","X","carrier","dest","origin","weather","dayweek","delay","sched"
"1",1,"OH","JFK","BWI",0,0,"ontime",14
"2",2,"DH","JFK","DCA",0,0,"ontime",16
"3",3,"DH","LGA","IAD",0,0,"ontime",12
"4",4,"DH","LGA","IAD",0,0,"ontime",17
"5",5,"DH","LGA","IAD",0,0,"ontime",10
"6",6,"DH","JFK","IAD",0,0,"ontime",8
"7",7,"DH","JFK","IAD",0,0,"ontime",12
"8",8,"DH","JFK","IAD",0,0,"ontime",16
"9",9,"DH","JFK","IAD",0,0,"ontime",17
"10",10,"DH","JFK","IAD",0,0,"ontime",21
"11",11,"DH","LGA","IAD",0,0,"ontime",21
"12",12,"DL","JFK","DCA",0,0,"ontime",14
"13",13,"DL","LGA","DCA",0,0,"ontime",9
"14",14,"DL","LGA","DCA",0,0,"ontime",12
"15",15,"DL","LGA","DCA",0,0,"ontime",14
"16",16,"DL","LGA","DCA",0,0,"ontime",17
"17",17,"DL","LGA","DCA",0,0,"ontime",20
"18",18,"MQ","JFK","DCA",0,0,"ontime",15
"19",19,"MQ","JFK","DCA",0,0,"ontime",6
"20",20,"MQ","JFK","DCA",0,0,"ontime",18
"21",21,"MQ","LGA","DCA",0,0,"ontime",9
"22",22,"MQ","LGA","DCA",0,0,"ontime",13
"23",23,"MQ","LGA","DCA",0,0,"ontime",14
"24",24,"MQ","LGA","DCA",0,0,"ontime",15
"25",25,"MQ","LGA","DCA",0,0,"ontime",19
"26",26,"UA","LGA","IAD",0,0,"ontime",8
"27",27,"US","LGA","DCA",0,0,"ontime",9
"28",28,"US","LGA","DCA",0,0,"ontime",11
"29",29,"US","LGA","DCA",0,0,"ontime",13
"30",30,"US","LGA","DCA",0,0,"ontime",15
"31",31,"US","LGA","DCA",0,0,"ontime",17
"32",32,"US","LGA","DCA",0,0,"ontime",21
"33",33,"RU","EWR","BWI",0,0,"ontime",14
"34",34,"RU","EWR","BWI",0,0,"ontime",17
"35",35,"RU","EWR","BWI",0,0,"ontime",10
"36",36,"RU","EWR","BWI",0,0,"ontime",7
"37",37,"CO","EWR","DCA",0,0,"ontime",13
"38",38,"CO","EWR","DCA",0,0,"ontime",17
"39",39,"DH","EWR","IAD",0,0,"ontime",8
"40",40,"DH","EWR","IAD",0,0,"ontime",17
"41",41,"DH","EWR","IAD",0,0,"ontime",12
"42",42,"DH","EWR","IAD",0,0,"ontime",21
"43",43,"RU","EWR","IAD",0,0,"ontime",17
"44",44,"RU","EWR","IAD",0,0,"ontime",19
"45",45,"RU","EWR","DCA",0,0,"ontime",15
"46",46,"RU","EWR","DCA",0,0,"ontime",19
"47",47,"RU","EWR","DCA",0,0,"ontime",14
"48",48,"RU","EWR","IAD",0,0,"ontime",15
"49",49,"RU","EWR","IAD",0,0,"ontime",13
"50",50,"RU","EWR","DCA",0,0,"ontime",16
"51",51,"OH","JFK","BWI",0,0,"ontime",14
"52",52,"DH","JFK","DCA",0,0,"ontime",16
"53",53,"DH","LGA","IAD",0,0,"ontime",12
"54",54,"DH","LGA","IAD",0,0,"delayed",14
"55",55,"DH","LGA","IAD",0,0,"ontime",17
"56",56,"DH","LGA","IAD",0,0,"ontime",6
"57",57,"DH","LGA","IAD",0,0,"delayed",10
"58",58,"DH","JFK","IAD",0,0,"ontime",8
"59",59,"DH","JFK","IAD",0,0,"ontime",12
"60",60,"DH","JFK","IAD",0,0,"ontime",14
"61",61,"DH","JFK","IAD",0,0,"ontime",16
"62",62,"DH","JFK","IAD",0,0,"ontime",17
"63",63,"DH","JFK","IAD",0,0,"delayed",21
"64",64,"DH","JFK","IAD",0,0,"ontime",16
"65",65,"DH","LGA","IAD",0,0,"ontime",21
"66",66,"DL","JFK","DCA",0,0,"ontime",14
"67",67,"DL","LGA","DCA",0,0,"ontime",9
"68",68,"DL","LGA","DCA",0,0,"ontime",12
"69",69,"DL","LGA","DCA",0,0,"ontime",14
"70",70,"DL","LGA","DCA",0,0,"ontime",17
"71",71,"DL","LGA","DCA",0,0,"ontime",20
"72",72,"MQ","JFK","DCA",0,0,"ontime",15
"73",73,"MQ","JFK","DCA",0,0,"ontime",6
"74",74,"MQ","JFK","DCA",0,0,"ontime",18
"75",75,"MQ","LGA","DCA",0,0,"ontime",9
"76",76,"MQ","LGA","DCA",0,0,"ontime",11
"77",77,"MQ","LGA","DCA",0,0,"ontime",13
"78",78,"MQ","LGA","DCA",0,0,"ontime",14
"79",79,"MQ","LGA","DCA",0,0,"ontime",15
"80",80,"UA","LGA","IAD",0,0,"ontime",8
"81",81,"US","LGA","DCA",0,0,"ontime",7
"82",82,"US","LGA","DCA",0,0,"ontime",9
"83",83,"US","LGA","DCA",0,0,"ontime",11
"84",84,"US","LGA","DCA",0,0,"ontime",13
"85",85,"US","LGA","DCA",0,0,"ontime",15
"86",86,"US","LGA","DCA",0,0,"ontime",17
"87",87,"US","LGA","DCA",0,0,"ontime",19
"88",88,"US","LGA","DCA",0,0,"ontime",21
"89",89,"RU","EWR","BWI",0,0,"ontime",17
"90",90,"RU","EWR","BWI",0,0,"ontime",10
"91",91,"RU","EWR","BWI",0,0,"ontime",7
"92",92,"RU","EWR","BWI",0,0,"ontime",14
"93",93,"CO","EWR","DCA",0,0,"ontime",17
"94",94,"CO","EWR","DCA",0,0,"ontime",13
"95",95,"CO","EWR","DCA",0,0,"ontime",7
"96",96,"DH","EWR","IAD",0,0,"ontime",8
"97",97,"DH","EWR","IAD",0,0,"delayed",12
"98",98,"DH","EWR","IAD",0,0,"delayed",14
"99",99,"DH","EWR","IAD",0,0,"ontime",6
"100",100,"RU","EWR","DCA",0,0,"ontime",16
"101",101,"RU","EWR","IAD",0,0,"ontime",7
"102",102,"RU","EWR","DCA",0,0,"ontime",9
"103",103,"RU","EWR","DCA",0,0,"ontime",7
"104",104,"RU","EWR","IAD",0,0,"ontime",17
"105",105,"RU","EWR","IAD",0,0,"ontime",19
"106",106,"RU","EWR","IAD",0,0,"ontime",13
"107",107,"RU","EWR","IAD",0,0,"ontime",9
"108",108,"RU","EWR","DCA",0,0,"ontime",19
"109",109,"RU","EWR","DCA",0,0,"ontime",21
"110",110,"RU","EWR","DCA",0,0,"ontime",14
"111",111,"RU","EWR","IAD",0,0,"delayed",15
"112",112,"RU","EWR","DCA",0,0,"ontime",15
"113",113,"DH","LGA","IAD",0,0,"ontime",12
"114",114,"DH","LGA","IAD",0,0,"ontime",17
"115",115,"DH","LGA","IAD",0,0,"ontime",6
"116",116,"DH","LGA","IAD",0,0,"ontime",10
"117",117,"DH","JFK","IAD",0,0,"ontime",8
"118",118,"DH","JFK","IAD",0,0,"ontime",12
"119",119,"DH","JFK","IAD",0,0,"ontime",14
"120",120,"DH","JFK","IAD",0,0,"ontime",16
"121",121,"DH","JFK","IAD",0,0,"ontime",17
"122",122,"DH","JFK","IAD",0,0,"delayed",21
"123",123,"DH","JFK","IAD",0,0,"ontime",16
"124",124,"DH","LGA","IAD",0,0,"ontime",21
"125",125,"DL","JFK","DCA",0,0,"delayed",14
"126",126,"DL","LGA","DCA",0,0,"ontime",8
"127",127,"DL","LGA","DCA",0,0,"ontime",10
"128",128,"DL","LGA","DCA",0,0,"ontime",12
"129",129,"DL","LGA","DCA",0,0,"ontime",14
"130",130,"DL","LGA","DCA",0,0,"ontime",16
"131",131,"DL","LGA","DCA",0,0,"ontime",18
"132",132,"DL","LGA","DCA",0,0,"ontime",20
"133",133,"MQ","JFK","DCA",0,0,"delayed",15
"134",134,"MQ","JFK","DCA",0,0,"ontime",6
"135",135,"MQ","JFK","DCA",0,0,"ontime",18
"136",136,"MQ","LGA","DCA",0,0,"ontime",9
"137",137,"MQ","LGA","DCA",0,0,"ontime",13
"138",138,"UA","LGA","IAD",0,0,"ontime",8
"139",139,"US","LGA","DCA",0,0,"ontime",7
"140",140,"US","LGA","DCA",0,0,"ontime",9
"141",141,"US","LGA","DCA",0,0,"ontime",11
"142",142,"US","LGA","DCA",0,0,"ontime",13
"143",143,"US","LGA","DCA",0,0,"ontime",15
"144",144,"US","LGA","DCA",0,0,"ontime",17
"145",145,"US","LGA","DCA",0,0,"ontime",19
"146",146,"RU","EWR","BWI",0,0,"ontime",17
"147",147,"RU","EWR","BWI",0,0,"ontime",7
"148",148,"RU","EWR","BWI",0,0,"ontime",10
"149",149,"RU","EWR","BWI",0,0,"ontime",14
"150",150,"CO","EWR","DCA",0,0,"ontime",13
"151",151,"DH","EWR","IAD",0,0,"delayed",8
"152",152,"DH","EWR","IAD",0,0,"ontime",17
"153",153,"DH","EWR","IAD",0,0,"delayed",12
"154",154,"DH","EWR","IAD",0,0,"ontime",21
"155",155,"DH","EWR","IAD",0,0,"ontime",6
"156",156,"RU","EWR","IAD",0,0,"ontime",17
"157",157,"RU","EWR","DCA",0,0,"ontime",14
"158",158,"RU","EWR","IAD",0,0,"ontime",7
"159",159,"RU","EWR","DCA",0,0,"ontime",9
"160",160,"RU","EWR","DCA",0,0,"ontime",17
"161",161,"RU","EWR","DCA",0,0,"ontime",16
"162",162,"RU","EWR","IAD",0,0,"ontime",15
"163",163,"RU","EWR","DCA",0,0,"ontime",7
"164",164,"OH","JFK","BWI",0,0,"delayed",14
"165",165,"DH","JFK","DCA",0,0,"ontime",16
"166",166,"DH","LGA","IAD",0,0,"ontime",12
"167",167,"DH","LGA","IAD",0,0,"delayed",14
"168",168,"DH","LGA","IAD",0,0,"delayed",17
"169",169,"DH","LGA","IAD",0,0,"ontime",6
"170",170,"DH","LGA","IAD",0,0,"ontime",10
"171",171,"DH","JFK","IAD",0,0,"ontime",8
"172",172,"DH","JFK","IAD",0,0,"ontime",12
"173",173,"DH","JFK","IAD",0,0,"ontime",14
"174",174,"DH","JFK","IAD",0,0,"ontime",16
"175",175,"DH","JFK","IAD",0,0,"ontime",17
"176",176,"DH","JFK","IAD",0,0,"ontime",21
"177",177,"DH","JFK","IAD",0,0,"ontime",16
"178",178,"DH","LGA","IAD",0,0,"ontime",21
"179",179,"DL","JFK","DCA",0,0,"ontime",14
"180",180,"DL","LGA","DCA",0,0,"ontime",8
"181",181,"DL","LGA","DCA",0,0,"ontime",10
"182",182,"DL","LGA","DCA",0,0,"ontime",12
"183",183,"DL","LGA","DCA",0,0,"ontime",14
"184",184,"DL","LGA","DCA",0,0,"ontime",16
"185",185,"DL","LGA","DCA",0,0,"ontime",18
"186",186,"DL","LGA","DCA",0,0,"ontime",20
"187",187,"MQ","JFK","DCA",0,0,"delayed",15
"188",188,"MQ","JFK","DCA",0,0,"ontime",6
"189",189,"MQ","JFK","DCA",0,0,"ontime",7
"190",190,"MQ","JFK","DCA",0,0,"delayed",18
"191",191,"MQ","LGA","DCA",0,0,"ontime",13
"192",192,"MQ","LGA","DCA",0,0,"delayed",15
"193",193,"MQ","LGA","DCA",0,0,"ontime",17
"194",194,"MQ","LGA","DCA",0,0,"delayed",19
"195",195,"UA","LGA","IAD",0,0,"ontime",8
"196",196,"US","LGA","DCA",0,0,"ontime",9
"197",197,"US","LGA","DCA",0,0,"ontime",10
"198",198,"US","LGA","DCA",0,0,"ontime",11
"199",199,"US","LGA","DCA",0,0,"ontime",12
"200",200,"US","LGA","DCA",0,0,"ontime",13
"201",201,"US","LGA","DCA",0,0,"ontime",14
"202",202,"US","LGA","DCA",0,0,"ontime",15
"203",203,"US","LGA","DCA",0,0,"ontime",16
"204",204,"US","LGA","DCA",0,0,"ontime",17
"205",205,"US","LGA","DCA",0,0,"ontime",18
"206",206,"US","LGA","DCA",0,0,"ontime",19
"207",207,"US","LGA","DCA",0,0,"ontime",20
"208",208,"US","LGA","DCA",0,0,"ontime",21
"209",209,"RU","EWR","BWI",0,0,"delayed",14
"210",210,"RU","EWR","BWI",0,0,"delayed",13
"211",211,"RU","EWR","BWI",0,0,"delayed",16
"212",212,"RU","EWR","BWI",0,0,"delayed",10
"213",213,"CO","EWR","DCA",0,0,"ontime",13
"214",214,"CO","EWR","DCA",0,0,"delayed",16
"215",215,"DH","EWR","IAD",0,0,"ontime",8
"216",216,"DH","EWR","IAD",0,0,"delayed",17
"217",217,"DH","EWR","IAD",0,0,"delayed",12
"218",218,"DH","EWR","IAD",0,0,"delayed",21
"219",219,"DH","EWR","IAD",0,0,"delayed",14
"220",220,"RU","EWR","DCA",0,0,"delayed",17
"221",221,"RU","EWR","DCA",0,0,"ontime",9
"222",222,"RU","EWR","IAD",0,0,"ontime",9
"223",223,"RU","EWR","IAD",0,0,"delayed",19
"224",224,"RU","EWR","DCA",0,0,"delayed",14
"225",225,"RU","EWR","DCA",0,0,"delayed",19
"226",226,"RU","EWR","IAD",0,0,"delayed",15
"227",227,"OH","JFK","BWI",0,1,"delayed",14
"228",228,"DH","JFK","DCA",0,1,"delayed",16
"229",229,"DH","LGA","IAD",0,1,"delayed",12
"230",230,"DH","LGA","IAD",0,1,"delayed",14
"231",231,"DH","LGA","IAD",0,1,"delayed",17
"232",232,"DH","LGA","IAD",0,1,"delayed",6
"233",233,"DH","LGA","IAD",0,1,"ontime",10
"234",234,"DH","JFK","IAD",0,1,"delayed",8
"235",235,"DH","JFK","IAD",0,1,"delayed",12
"236",236,"DH","JFK","IAD",0,1,"ontime",16
"237",237,"DH","JFK","IAD",0,1,"ontime",17
"238",238,"DH","JFK","IAD",0,1,"delayed",21
"239",239,"DH","JFK","IAD",0,1,"delayed",16
"240",240,"DH","LGA","IAD",0,1,"ontime",21
"241",241,"DL","JFK","DCA",0,1,"ontime",14
"242",242,"DL","LGA","DCA",0,1,"ontime",6
"243",243,"DL","LGA","DCA",0,1,"ontime",7
"244",244,"DL","LGA","DCA",0,1,"ontime",8
"245",245,"DL","LGA","DCA",0,1,"ontime",9
"246",246,"DL","LGA","DCA",0,1,"ontime",10
"247",247,"DL","LGA","DCA",0,1,"ontime",11
"248",248,"DL","LGA","DCA",0,1,"ontime",12
"249",249,"DL","LGA","DCA",0,1,"ontime",13
"250",250,"DL","LGA","DCA",0,1,"ontime",14
"251",251,"DL","LGA","DCA",0,1,"ontime",16
"252",252,"DL","LGA","DCA",0,1,"ontime",17
"253",253,"DL","LGA","DCA",0,1,"ontime",18
"254",254,"DL","LGA","DCA",0,1,"delayed",19
"255",255,"DL","LGA","DCA",0,1,"ontime",20
"256",256,"MQ","JFK","DCA",0,1,"ontime",15
"257",257,"MQ","JFK","DCA",0,1,"ontime",6
"258",258,"MQ","LGA","DCA",0,1,"ontime",7
"259",259,"MQ","LGA","DCA",0,1,"ontime",8
"260",260,"MQ","LGA","DCA",0,1,"ontime",9
"261",261,"MQ","LGA","DCA",0,1,"ontime",11
"262",262,"MQ","LGA","DCA",0,1,"ontime",13
"263",263,"MQ","LGA","DCA",0,1,"delayed",16
"264",264,"MQ","LGA","DCA",0,1,"ontime",17
"265",265,"MQ","LGA","DCA",0,1,"delayed",19
"266",266,"UA","LGA","IAD",0,1,"ontime",8
"267",267,"US","LGA","DCA",0,1,"delayed",6
"268",268,"US","LGA","DCA",0,1,"ontime",7
"269",269,"US","LGA","DCA",0,1,"ontime",8
"270",270,"US","LGA","DCA",0,1,"ontime",9
"271",271,"US","LGA","DCA",0,1,"ontime",10
"272",272,"US","LGA","DCA",0,1,"ontime",11
"273",273,"US","LGA","DCA",0,1,"ontime",12
"274",274,"US","LGA","DCA",0,1,"ontime",13
"275",275,"US","LGA","DCA",0,1,"ontime",14
"276",276,"US","LGA","DCA",0,1,"ontime",15
"277",277,"US","LGA","DCA",0,1,"ontime",16
"278",278,"US","LGA","DCA",0,1,"ontime",17
"279",279,"US","LGA","DCA",0,1,"ontime",18
"280",280,"US","LGA","DCA",0,1,"ontime",19
"281",281,"US","LGA","DCA",0,1,"ontime",20
"282",282,"US","LGA","DCA",0,1,"ontime",21
"283",283,"RU","EWR","BWI",0,1,"delayed",7
"284",284,"RU","EWR","BWI",0,1,"delayed",14
"285",285,"RU","EWR","BWI",0,1,"delayed",10
"286",286,"CO","EWR","DCA",0,1,"delayed",13
"287",287,"CO","EWR","DCA",0,1,"ontime",7
"288",288,"CO","EWR","DCA",0,1,"delayed",17
"289",289,"DH","EWR","IAD",0,1,"ontime",8
"290",290,"DH","EWR","IAD",0,1,"delayed",17
"291",291,"DH","EWR","IAD",0,1,"delayed",12
"292",292,"DH","EWR","IAD",0,1,"delayed",21
"293",293,"DH","EWR","IAD",0,1,"delayed",14
"294",294,"DH","EWR","IAD",0,1,"ontime",6
"295",295,"RU","EWR","DCA",0,1,"ontime",7
"296",296,"RU","EWR","DCA",0,1,"delayed",9
"297",297,"RU","EWR","IAD",0,1,"delayed",13
"298",298,"RU","EWR","DCA",0,1,"ontime",21
"299",299,"RU","EWR","IAD",0,1,"ontime",7
"300",300,"RU","EWR","DCA",0,1,"delayed",14
"301",301,"RU","EWR","DCA",0,1,"delayed",19
"302",302,"RU","EWR","IAD",0,1,"delayed",15
"303",303,"RU","EWR","IAD",0,1,"ontime",9
"304",304,"RU","EWR","DCA",0,1,"delayed",15
"305",305,"OH","JFK","BWI",0,1,"ontime",14
"306",306,"DH","LGA","IAD",0,1,"ontime",12
"307",307,"DH","LGA","IAD",0,1,"ontime",14
"308",308,"DH","LGA","IAD",0,1,"ontime",17
"309",309,"DH","LGA","IAD",0,1,"ontime",6
"310",310,"DH","LGA","IAD",0,1,"ontime",10
"311",311,"DH","JFK","IAD",0,1,"ontime",8
"312",312,"DH","JFK","IAD",0,1,"ontime",12
"313",313,"DH","JFK","IAD",0,1,"ontime",14
"314",314,"DH","JFK","IAD",0,1,"ontime",16
"315",315,"DH","JFK","IAD",0,1,"delayed",17
"316",316,"DH","JFK","IAD",0,1,"delayed",21
"317",317,"DH","JFK","IAD",0,1,"ontime",16
"318",318,"DH","LGA","IAD",0,1,"ontime",21
"319",319,"DL","JFK","DCA",0,1,"ontime",14
"320",320,"DL","LGA","DCA",0,1,"ontime",6
"321",321,"DL","LGA","DCA",0,1,"ontime",7
"322",322,"DL","LGA","DCA",0,1,"ontime",8
"323",323,"DL","LGA","DCA",0,1,"ontime",9
"324",324,"DL","LGA","DCA",0,1,"ontime",10
"325",325,"DL","LGA","DCA",0,1,"ontime",11
"326",326,"DL","LGA","DCA",0,1,"ontime",12
"327",327,"DL","LGA","DCA",0,1,"ontime",13
"328",328,"DL","LGA","DCA",0,1,"ontime",14
"329",329,"DL","LGA","DCA",0,1,"ontime",15
"330",330,"DL","LGA","DCA",0,1,"ontime",16
"331",331,"DL","LGA","DCA",0,1,"ontime",17
"332",332,"DL","LGA","DCA",0,1,"ontime",18
"333",333,"DL","LGA","DCA",0,1,"ontime",19
"334",334,"DL","LGA","DCA",0,1,"ontime",20
"335",335,"MQ","JFK","DCA",0,1,"ontime",15
"336",336,"MQ","JFK","DCA",0,1,"ontime",6
"337",337,"MQ","JFK","DCA",0,1,"ontime",18
"338",338,"MQ","LGA","DCA",0,1,"ontime",7
"339",339,"MQ","LGA","DCA",0,1,"ontime",8
"340",340,"MQ","LGA","DCA",0,1,"ontime",9
"341",341,"MQ","LGA","DCA",0,1,"ontime",11
"342",342,"MQ","LGA","DCA",0,1,"ontime",13
"343",343,"MQ","LGA","DCA",0,1,"ontime",14
"344",344,"MQ","LGA","DCA",0,1,"delayed",15
"345",345,"MQ","LGA","DCA",0,1,"ontime",16
"346",346,"MQ","LGA","DCA",0,1,"ontime",17
"347",347,"MQ","LGA","DCA",0,1,"ontime",19
"348",348,"UA","LGA","IAD",0,1,"ontime",8
"349",349,"US","LGA","DCA",0,1,"ontime",6
"350",350,"US","LGA","DCA",0,1,"ontime",7
"351",351,"US","LGA","DCA",0,1,"ontime",8
"352",352,"US","LGA","DCA",0,1,"ontime",9
"353",353,"US","LGA","DCA",0,1,"ontime",10
"354",354,"US","LGA","DCA",0,1,"ontime",11
"355",355,"US","LGA","DCA",0,1,"ontime",12
"356",356,"US","LGA","DCA",0,1,"ontime",13
"357",357,"US","LGA","DCA",0,1,"ontime",14
"358",358,"US","LGA","DCA",0,1,"ontime",15
"359",359,"US","LGA","DCA",0,1,"ontime",16
"360",360,"US","LGA","DCA",0,1,"ontime",17
"361",361,"US","LGA","DCA",0,1,"ontime",18
"362",362,"US","LGA","DCA",0,1,"ontime",19
"363",363,"US","LGA","DCA",0,1,"ontime",20
"364",364,"US","LGA","DCA",0,1,"ontime",21
"365",365,"RU","EWR","BWI",0,1,"ontime",14
"366",366,"RU","EWR","BWI",0,1,"delayed",17
"367",367,"RU","EWR","BWI",0,1,"ontime",7
"368",368,"RU","EWR","BWI",0,1,"ontime",10
"369",369,"CO","EWR","DCA",0,1,"delayed",17
"370",370,"CO","EWR","DCA",0,1,"ontime",13
"371",371,"CO","EWR","DCA",0,1,"delayed",19
"372",372,"CO","EWR","DCA",0,1,"ontime",7
"373",373,"DH","EWR","IAD",0,1,"ontime",8
"374",374,"DH","EWR","IAD",0,1,"ontime",17
"375",375,"DH","EWR","IAD",0,1,"ontime",12
"376",376,"DH","EWR","IAD",0,1,"ontime",21
"377",377,"DH","EWR","IAD",0,1,"ontime",14
"378",378,"DH","EWR","IAD",0,1,"ontime",6
"379",379,"RU","EWR","DCA",0,1,"delayed",21
"380",380,"RU","EWR","DCA",0,1,"ontime",9
"381",381,"RU","EWR","IAD",0,1,"delayed",19
"382",382,"RU","EWR","IAD",0,1,"ontime",15
"383",383,"RU","EWR","IAD",0,1,"ontime",7
"384",384,"RU","EWR","DCA",0,1,"delayed",15
"385",385,"RU","EWR","IAD",0,1,"ontime",13
"386",386,"RU","EWR","DCA",0,1,"ontime",13
"387",387,"RU","EWR","IAD",0,1,"ontime",17
"388",388,"RU","EWR","DCA",0,1,"ontime",16
"389",389,"RU","EWR","DCA",0,1,"ontime",6
"390",390,"OH","JFK","BWI",0,0,"ontime",14
"391",391,"DH","JFK","DCA",0,0,"ontime",16
"392",392,"DH","LGA","IAD",0,0,"ontime",12
"393",393,"DH","LGA","IAD",0,0,"ontime",14
"394",394,"DH","LGA","IAD",0,0,"delayed",17
"395",395,"DH","LGA","IAD",0,0,"ontime",6
"396",396,"DH","LGA","IAD",0,0,"ontime",10
"397",397,"DH","JFK","IAD",0,0,"ontime",8
"398",398,"DH","JFK","IAD",0,0,"ontime",12
"399",399,"DH","JFK","IAD",0,0,"ontime",14
"400",400,"DH","JFK","IAD",0,0,"ontime",16
"401",401,"DH","JFK","IAD",0,0,"delayed",17
"402",402,"DH","JFK","IAD",0,0,"ontime",21
"403",403,"DH","JFK","IAD",0,0,"ontime",16
"404",404,"DL","JFK","DCA",0,0,"ontime",14
"405",405,"DL","LGA","DCA",0,0,"ontime",6
"406",406,"DL","LGA","DCA",0,0,"ontime",8
"407",407,"DL","LGA","DCA",0,0,"ontime",9
"408",408,"DL","LGA","DCA",0,0,"ontime",10
"409",409,"DL","LGA","DCA",0,0,"ontime",11
"410",410,"DL","LGA","DCA",0,0,"ontime",12
"411",411,"DL","LGA","DCA",0,0,"ontime",13
"412",412,"DL","LGA","DCA",0,0,"ontime",14
"413",413,"DL","LGA","DCA",0,0,"ontime",15
"414",414,"DL","LGA","DCA",0,0,"ontime",16
"415",415,"DL","LGA","DCA",0,0,"ontime",17
"416",416,"DL","LGA","DCA",0,0,"ontime",18
"417",417,"DL","LGA","DCA",0,0,"ontime",19
"418",418,"DL","LGA","DCA",0,0,"ontime",20
"419",419,"MQ","JFK","DCA",0,0,"ontime",15
"420",420,"MQ","JFK","DCA",0,0,"ontime",6
"421",421,"MQ","JFK","DCA",0,0,"delayed",18
"422",422,"MQ","LGA","DCA",0,0,"ontime",7
"423",423,"MQ","LGA","DCA",0,0,"ontime",8
"424",424,"MQ","LGA","DCA",0,0,"ontime",9
"425",425,"MQ","LGA","DCA",0,0,"ontime",11
"426",426,"MQ","LGA","DCA",0,0,"ontime",13
"427",427,"MQ","LGA","DCA",0,0,"ontime",14
"428",428,"MQ","LGA","DCA",0,0,"delayed",15
"429",429,"MQ","LGA","DCA",0,0,"delayed",16
"430",430,"MQ","LGA","DCA",0,0,"delayed",19
"431",431,"UA","LGA","IAD",0,0,"ontime",8
"432",432,"US","LGA","DCA",0,0,"ontime",6
"433",433,"US","LGA","DCA",0,0,"ontime",7
"434",434,"US","LGA","DCA",0,0,"ontime",8
"435",435,"US","LGA","DCA",0,0,"ontime",9
"436",436,"US","LGA","DCA",0,0,"ontime",10
"437",437,"US","LGA","DCA",0,0,"ontime",11
"438",438,"US","LGA","DCA",0,0,"ontime",12
"439",439,"US","LGA","DCA",0,0,"ontime",13
"440",440,"US","LGA","DCA",0,0,"ontime",14
"441",441,"US","LGA","DCA",0,0,"delayed",15
"442",442,"US","LGA","DCA",0,0,"delayed",16
"443",443,"US","LGA","DCA",0,0,"ontime",17
"444",444,"US","LGA","DCA",0,0,"ontime",18
"445",445,"US","LGA","DCA",0,0,"ontime",19
"446",446,"US","LGA","DCA",0,0,"delayed",20
"447",447,"US","LGA","DCA",0,0,"ontime",21
"448",448,"RU","EWR","BWI",0,0,"ontime",7
"449",449,"RU","EWR","BWI",0,0,"ontime",14
"450",450,"RU","EWR","BWI",0,0,"delayed",17
"451",451,"RU","EWR","BWI",0,0,"delayed",10
"452",452,"CO","EWR","DCA",0,0,"ontime",13
"453",453,"CO","EWR","DCA",0,0,"delayed",19
"454",454,"CO","EWR","DCA",0,0,"delayed",17
"455",455,"CO","EWR","DCA",0,0,"ontime",7
"456",456,"DH","EWR","IAD",0,0,"ontime",8
"457",457,"DH","EWR","IAD",0,0,"ontime",17
"458",458,"DH","EWR","IAD",0,0,"delayed",12
"459",459,"DH","EWR","IAD",0,0,"ontime",21
"460",460,"DH","EWR","IAD",0,0,"ontime",6
"461",461,"DH","EWR","IAD",0,0,"ontime",14
"462",462,"RU","EWR","DCA",0,0,"ontime",13
"463",463,"RU","EWR","IAD",0,0,"delayed",7
"464",464,"RU","EWR","IAD",0,0,"delayed",15
"465",465,"RU","EWR","DCA",0,0,"ontime",9
"466",466,"RU","EWR","IAD",0,0,"ontime",13
"467",467,"RU","EWR","IAD",0,0,"ontime",17
"468",468,"RU","EWR","IAD",0,0,"delayed",19
"469",469,"RU","EWR","DCA",0,0,"ontime",6
"470",470,"RU","EWR","DCA",0,0,"ontime",21
"471",471,"RU","EWR","DCA",0,0,"ontime",15
"472",472,"RU","EWR","DCA",0,0,"ontime",16
"473",473,"OH","JFK","BWI",0,0,"ontime",14
"474",474,"DH","JFK","DCA",0,0,"delayed",16
"475",475,"DH","LGA","IAD",0,0,"ontime",12
"476",476,"DH","LGA","IAD",0,0,"delayed",14
"477",477,"DH","LGA","IAD",0,0,"delayed",17
"478",478,"DH","LGA","IAD",0,0,"delayed",21
"479",479,"DH","LGA","IAD",0,0,"ontime",6
"480",480,"DH","LGA","IAD",0,0,"ontime",10
"481",481,"DH","JFK","IAD",0,0,"ontime",8
"482",482,"DH","JFK","IAD",0,0,"ontime",12
"483",483,"DH","JFK","IAD",0,0,"ontime",14
"484",484,"DH","JFK","IAD",0,0,"ontime",16
"485",485,"DH","JFK","IAD",0,0,"ontime",17
"486",486,"DH","JFK","IAD",0,0,"ontime",21
"487",487,"DH","JFK","IAD",0,0,"ontime",16
"488",488,"DL","JFK","DCA",0,0,"delayed",14
"489",489,"DL","LGA","DCA",0,0,"ontime",6
"490",490,"DL","LGA","DCA",0,0,"ontime",7
"491",491,"DL","LGA","DCA",0,0,"ontime",8
"492",492,"DL","LGA","DCA",0,0,"ontime",9
"493",493,"DL","LGA","DCA",0,0,"ontime",10
"494",494,"DL","LGA","DCA",0,0,"ontime",11
"495",495,"DL","LGA","DCA",0,0,"ontime",12
"496",496,"DL","LGA","DCA",0,0,"ontime",13
"497",497,"DL","LGA","DCA",0,0,"ontime",14
"498",498,"DL","LGA","DCA",0,0,"ontime",15
"499",499,"DL","LGA","DCA",0,0,"ontime",16
"500",500,"DL","LGA","DCA",0,0,"ontime",17
"501",501,"DL","LGA","DCA",0,0,"ontime",18
"502",502,"DL","LGA","DCA",0,0,"ontime",19
"503",503,"DL","LGA","DCA",0,0,"ontime",20
"504",504,"MQ","JFK","DCA",0,0,"ontime",15
"505",505,"MQ","JFK","DCA",0,0,"ontime",6
"506",506,"MQ","JFK","DCA",0,0,"ontime",18
"507",507,"MQ","LGA","DCA",0,0,"ontime",7
"508",508,"MQ","LGA","DCA",0,0,"ontime",8
"509",509,"MQ","LGA","DCA",0,0,"ontime",9
"510",510,"MQ","LGA","DCA",0,0,"ontime",11
"511",511,"MQ","LGA","DCA",0,0,"ontime",13
"512",512,"MQ","LGA","DCA",0,0,"ontime",14
"513",513,"MQ","LGA","DCA",0,0,"ontime",15
"514",514,"MQ","LGA","DCA",0,0,"ontime",16
"515",515,"MQ","LGA","DCA",0,0,"ontime",19
"516",516,"UA","LGA","IAD",0,0,"ontime",8
"517",517,"US","LGA","DCA",0,0,"ontime",6
"518",518,"US","LGA","DCA",0,0,"ontime",7
"519",519,"US","LGA","DCA",0,0,"ontime",8
"520",520,"US","LGA","DCA",0,0,"ontime",9
"521",521,"US","LGA","DCA",0,0,"ontime",10
"522",522,"US","LGA","DCA",0,0,"ontime",11
"523",523,"US","LGA","DCA",0,0,"ontime",12
"524",524,"US","LGA","DCA",0,0,"ontime",13
"525",525,"US","LGA","DCA",0,0,"ontime",14
"526",526,"US","LGA","DCA",0,0,"ontime",15
"527",527,"US","LGA","DCA",0,0,"ontime",16
"528",528,"US","LGA","DCA",0,0,"delayed",17
"529",529,"US","LGA","DCA",0,0,"ontime",18
"530",530,"US","LGA","DCA",0,0,"delayed",19
"531",531,"US","LGA","DCA",0,0,"delayed",20
"532",532,"US","LGA","DCA",0,0,"ontime",21
"533",533,"RU","EWR","BWI",0,0,"ontime",17
"534",534,"RU","EWR","BWI",0,0,"ontime",14
"535",535,"RU","EWR","BWI",0,0,"ontime",10
"536",536,"RU","EWR","BWI",0,0,"ontime",7
"537",537,"CO","EWR","DCA",0,0,"ontime",17
"538",538,"CO","EWR","DCA",0,0,"ontime",7
"539",539,"CO","EWR","DCA",0,0,"ontime",13
"540",540,"CO","EWR","DCA",0,0,"ontime",19
"541",541,"DH","EWR","IAD",0,0,"ontime",8
"542",542,"DH","EWR","IAD",0,0,"ontime",17
"543",543,"DH","EWR","IAD",0,0,"ontime",12
"544",544,"DH","EWR","IAD",0,0,"ontime",21
"545",545,"DH","EWR","IAD",0,0,"ontime",6
"546",546,"DH","EWR","IAD",0,0,"ontime",14
"547",547,"RU","EWR","IAD",0,0,"ontime",15
"548",548,"RU","EWR","IAD",0,0,"ontime",19
"549",549,"RU","EWR","IAD",0,0,"ontime",13
"550",550,"RU","EWR","DCA",0,0,"ontime",16
"551",551,"RU","EWR","DCA",0,0,"delayed",6
"552",552,"RU","EWR","DCA",0,0,"ontime",13
"553",553,"RU","EWR","IAD",0,0,"ontime",7
"554",554,"RU","EWR","IAD",0,0,"ontime",17
"555",555,"RU","EWR","DCA",0,0,"ontime",9
"556",556,"RU","EWR","DCA",0,0,"ontime",21
"557",557,"RU","EWR","DCA",0,0,"ontime",15
"558",558,"OH","JFK","BWI",0,0,"ontime",14
"559",559,"DH","JFK","DCA",0,0,"ontime",16
"560",560,"DH","LGA","IAD",0,0,"ontime",12
"561",561,"DH","LGA","IAD",0,0,"delayed",14
"562",562,"DH","LGA","IAD",0,0,"delayed",17
"563",563,"DH","LGA","IAD",0,0,"ontime",21
"564",564,"DH","LGA","IAD",0,0,"delayed",6
"565",565,"DH","LGA","IAD",0,0,"ontime",10
"566",566,"DH","JFK","IAD",0,0,"delayed",8
"567",567,"DH","JFK","IAD",0,0,"ontime",12
"568",568,"DH","JFK","IAD",0,0,"ontime",14
"569",569,"DH","JFK","IAD",0,0,"ontime",16
"570",570,"DH","JFK","IAD",0,0,"ontime",17
"571",571,"DH","JFK","IAD",0,0,"ontime",21
"572",572,"DH","JFK","IAD",0,0,"ontime",16
"573",573,"DL","JFK","DCA",0,0,"ontime",14
"574",574,"DL","LGA","DCA",0,0,"ontime",6
"575",575,"DL","LGA","DCA",0,0,"delayed",7
"576",576,"DL","LGA","DCA",0,0,"ontime",8
"577",577,"DL","LGA","DCA",0,0,"ontime",9
"578",578,"DL","LGA","DCA",0,0,"ontime",10
"579",579,"DL","LGA","DCA",0,0,"ontime",11
"580",580,"DL","LGA","DCA",0,0,"ontime",12
"581",581,"DL","LGA","DCA",0,0,"ontime",13
"582",582,"DL","LGA","DCA",0,0,"ontime",14
"583",583,"DL","LGA","DCA",0,0,"ontime",15
"584",584,"DL","LGA","DCA",0,0,"ontime",16
"585",585,"DL","LGA","DCA",0,0,"ontime",17
"586",586,"DL","LGA","DCA",0,0,"ontime",18
"587",587,"DL","LGA","DCA",0,0,"ontime",19
"588",588,"DL","LGA","DCA",0,0,"ontime",20
"589",589,"MQ","JFK","DCA",0,0,"ontime",15
"590",590,"MQ","JFK","DCA",0,0,"ontime",6
"591",591,"MQ","JFK","DCA",0,0,"delayed",18
"592",592,"MQ","LGA","DCA",0,0,"delayed",8
"593",593,"MQ","LGA","DCA",0,0,"ontime",9
"594",594,"MQ","LGA","DCA",0,0,"delayed",11
"595",595,"MQ","LGA","DCA",0,0,"ontime",13
"596",596,"MQ","LGA","DCA",0,0,"ontime",14
"597",597,"MQ","LGA","DCA",0,0,"ontime",15
"598",598,"MQ","LGA","DCA",0,0,"delayed",16
"599",599,"MQ","LGA","DCA",0,0,"ontime",17
"600",600,"MQ","LGA","DCA",0,0,"delayed",19
"601",601,"UA","LGA","IAD",0,0,"delayed",8
"602",602,"US","LGA","DCA",0,0,"ontime",6
"603",603,"US","LGA","DCA",0,0,"ontime",7
"604",604,"US","LGA","DCA",0,0,"ontime",8
"605",605,"US","LGA","DCA",0,0,"ontime",10
"606",606,"US","LGA","DCA",0,0,"ontime",11
"607",607,"US","LGA","DCA",0,0,"ontime",12
"608",608,"US","LGA","DCA",0,0,"ontime",13
"609",609,"US","LGA","DCA",0,0,"ontime",14
"610",610,"US","LGA","DCA",0,0,"ontime",15
"611",611,"US","LGA","DCA",0,0,"ontime",16
"612",612,"US","LGA","DCA",0,0,"ontime",17
"613",613,"US","LGA","DCA",0,0,"ontime",18
"614",614,"US","LGA","DCA",0,0,"ontime",19
"615",615,"US","LGA","DCA",0,0,"ontime",20
"616",616,"US","LGA","DCA",0,0,"ontime",21
"617",617,"RU","EWR","BWI",0,0,"ontime",17
"618",618,"RU","EWR","BWI",0,0,"ontime",14
"619",619,"RU","EWR","BWI",0,0,"delayed",10
"620",620,"RU","EWR","BWI",0,0,"ontime",7
"621",621,"CO","EWR","DCA",0,0,"ontime",17
"622",622,"CO","EWR","DCA",0,0,"ontime",19
"623",623,"CO","EWR","DCA",0,0,"ontime",13
"624",624,"CO","EWR","DCA",0,0,"ontime",7
"625",625,"DH","EWR","IAD",0,0,"ontime",8
"626",626,"DH","EWR","IAD",0,0,"ontime",17
"627",627,"DH","EWR","IAD",0,0,"ontime",12
"628",628,"DH","EWR","IAD",0,0,"ontime",21
"629",629,"DH","EWR","IAD",0,0,"ontime",6
"630",630,"DH","EWR","IAD",0,0,"ontime",14
"631",631,"RU","EWR","DCA",0,0,"ontime",16
"632",632,"RU","EWR","DCA",0,0,"ontime",15
"633",633,"RU","EWR","DCA",0,0,"ontime",13
"634",634,"RU","EWR","IAD",0,0,"delayed",7
"635",635,"RU","EWR","IAD",0,0,"ontime",13
"636",636,"RU","EWR","IAD",0,0,"ontime",19
"637",637,"RU","EWR","IAD",0,0,"ontime",15
"638",638,"RU","EWR","DCA",0,0,"ontime",9
"639",639,"RU","EWR","DCA",0,0,"ontime",21
"640",640,"RU","EWR","IAD",0,0,"ontime",17
"641",641,"RU","EWR","DCA",0,0,"ontime",6
"642",642,"OH","JFK","BWI",0,0,"ontime",14
"643",643,"DH","JFK","DCA",0,0,"delayed",16
"644",644,"DH","LGA","IAD",0,0,"ontime",12
"645",645,"DH","LGA","IAD",0,0,"ontime",17
"646",646,"DH","LGA","IAD",0,0,"ontime",21
"647",647,"DH","JFK","IAD",0,0,"delayed",8
"648",648,"DH","JFK","IAD",0,0,"delayed",12
"649",649,"DH","JFK","IAD",0,0,"ontime",16
"650",650,"DH","JFK","IAD",0,0,"ontime",17
"651",651,"DH","JFK","IAD",0,0,"ontime",21
"652",652,"DH","JFK","IAD",0,0,"ontime",18
"653",653,"DL","JFK","DCA",0,0,"delayed",14
"654",654,"DL","LGA","DCA",0,0,"ontime",7
"655",655,"DL","LGA","DCA",0,0,"ontime",8
"656",656,"DL","LGA","DCA",0,0,"ontime",10
"657",657,"DL","LGA","DCA",0,0,"ontime",12
"658",658,"DL","LGA","DCA",0,0,"ontime",14
"659",659,"DL","LGA","DCA",0,0,"ontime",16
"660",660,"DL","LGA","DCA",0,0,"ontime",18
"661",661,"DL","LGA","DCA",0,0,"ontime",20
"662",662,"MQ","JFK","DCA",0,0,"ontime",15
"663",663,"MQ","JFK","DCA",0,0,"delayed",6
"664",664,"MQ","JFK","DCA",0,0,"ontime",18
"665",665,"MQ","LGA","DCA",0,0,"ontime",9
"666",666,"MQ","LGA","DCA",0,0,"ontime",13
"667",667,"UA","LGA","IAD",0,0,"ontime",8
"668",668,"US","LGA","DCA",0,0,"ontime",7
"669",669,"US","LGA","DCA",0,0,"ontime",9
"670",670,"US","LGA","DCA",0,0,"ontime",11
"671",671,"US","LGA","DCA",0,0,"ontime",13
"672",672,"US","LGA","DCA",0,0,"ontime",15
"673",673,"US","LGA","DCA",0,0,"ontime",17
"674",674,"US","LGA","DCA",0,0,"ontime",19
"675",675,"RU","EWR","BWI",0,0,"ontime",17
"676",676,"RU","EWR","BWI",0,0,"ontime",14
"677",677,"RU","EWR","BWI",0,0,"ontime",7
"678",678,"RU","EWR","BWI",0,0,"ontime",10
"679",679,"CO","EWR","DCA",0,0,"ontime",13
"680",680,"DH","EWR","IAD",0,0,"ontime",8
"681",681,"DH","EWR","IAD",0,0,"ontime",17
"682",682,"DH","EWR","IAD",0,0,"ontime",12
"683",683,"DH","EWR","IAD",0,0,"ontime",21
"684",684,"RU","EWR","IAD",0,0,"ontime",17
"685",685,"RU","EWR","IAD",0,0,"ontime",7
"686",686,"RU","EWR","DCA",0,0,"ontime",16
"687",687,"RU","EWR","IAD",0,0,"ontime",15
"688",688,"RU","EWR","DCA",0,0,"ontime",6
"689",689,"RU","EWR","DCA",0,0,"ontime",17
"690",690,"RU","EWR","DCA",0,0,"ontime",13
"691",691,"RU","EWR","DCA",0,0,"ontime",9
"692",692,"OH","JFK","BWI",0,0,"ontime",14
"693",693,"DH","JFK","DCA",0,0,"ontime",16
"694",694,"DH","LGA","IAD",0,0,"ontime",12
"695",695,"DH","LGA","IAD",0,0,"ontime",14
"696",696,"DH","LGA","IAD",0,0,"ontime",17
"697",697,"DH","LGA","IAD",0,0,"ontime",21
"698",698,"DH","JFK","IAD",0,0,"ontime",8
"699",699,"DH","JFK","IAD",0,0,"ontime",12
"700",700,"DH","JFK","IAD",0,0,"delayed",14
"701",701,"DH","JFK","IAD",0,0,"ontime",16
"702",702,"DH","JFK","IAD",0,0,"ontime",17
"703",703,"DH","JFK","IAD",0,0,"delayed",21
"704",704,"DH","JFK","IAD",0,0,"ontime",16
"705",705,"DL","JFK","DCA",0,0,"delayed",14
"706",706,"DL","LGA","DCA",0,0,"ontime",8
"707",707,"DL","LGA","DCA",0,0,"ontime",10
"708",708,"DL","LGA","DCA",0,0,"ontime",11
"709",709,"DL","LGA","DCA",0,0,"ontime",12
"710",710,"DL","LGA","DCA",0,0,"ontime",13
"711",711,"DL","LGA","DCA",0,0,"ontime",14
"712",712,"DL","LGA","DCA",0,0,"ontime",15
"713",713,"DL","LGA","DCA",0,0,"ontime",16
"714",714,"DL","LGA","DCA",0,0,"ontime",17
"715",715,"DL","LGA","DCA",0,0,"ontime",18
"716",716,"DL","LGA","DCA",0,0,"ontime",19
"717",717,"DL","LGA","DCA",0,0,"ontime",20
"718",718,"MQ","JFK","DCA",0,0,"ontime",15
"719",719,"MQ","JFK","DCA",0,0,"ontime",6
"720",720,"MQ","JFK","DCA",0,0,"ontime",9
"721",721,"MQ","JFK","DCA",0,0,"delayed",18
"722",722,"MQ","LGA","DCA",0,0,"delayed",13
"723",723,"MQ","LGA","DCA",0,0,"ontime",15
"724",724,"MQ","LGA","DCA",0,0,"ontime",17
"725",725,"MQ","LGA","DCA",0,0,"ontime",19
"726",726,"UA","LGA","IAD",0,0,"ontime",8
"727",727,"US","LGA","DCA",0,0,"ontime",9
"728",728,"US","LGA","DCA",0,0,"ontime",10
"729",729,"US","LGA","DCA",0,0,"ontime",11
"730",730,"US","LGA","DCA",0,0,"ontime",12
"731",731,"US","LGA","DCA",0,0,"ontime",13
"732",732,"US","LGA","DCA",0,0,"ontime",14
"733",733,"US","LGA","DCA",0,0,"ontime",15
"734",734,"US","LGA","DCA",0,0,"ontime",16
"735",735,"US","LGA","DCA",0,0,"ontime",17
"736",736,"US","LGA","DCA",0,0,"ontime",18
"737",737,"US","LGA","DCA",0,0,"ontime",19
"738",738,"US","LGA","DCA",0,0,"ontime",20
"739",739,"US","LGA","DCA",0,0,"ontime",21
"740",740,"RU","EWR","BWI",0,0,"ontime",17
"741",741,"RU","EWR","BWI",0,0,"ontime",10
"742",742,"RU","EWR","BWI",0,0,"ontime",13
"743",743,"RU","EWR","BWI",0,0,"ontime",14
"744",744,"CO","EWR","DCA",0,0,"ontime",19
"745",745,"CO","EWR","DCA",0,0,"ontime",13
"746",746,"CO","EWR","DCA",0,0,"ontime",16
"747",747,"DH","EWR","IAD",0,0,"ontime",8
"748",748,"DH","EWR","IAD",0,0,"ontime",17
"749",749,"DH","EWR","IAD",0,0,"ontime",12
"750",750,"DH","EWR","IAD",0,0,"ontime",21
"751",751,"DH","EWR","IAD",0,0,"delayed",14
"752",752,"RU","EWR","DCA",0,0,"ontime",21
"753",753,"RU","EWR","IAD",0,0,"ontime",8
"754",754,"RU","EWR","IAD",0,0,"ontime",17
"755",755,"RU","EWR","DCA",0,0,"ontime",17
"756",756,"RU","EWR","DCA",0,0,"ontime",13
"757",757,"RU","EWR","DCA",0,0,"ontime",9
"758",758,"RU","EWR","IAD",0,0,"ontime",15
"759",759,"RU","EWR","IAD",0,0,"ontime",19
"760",760,"OH","JFK","BWI",0,1,"ontime",14
"761",761,"DH","JFK","DCA",0,1,"ontime",16
"762",762,"DH","LGA","IAD",0,1,"ontime",12
"763",763,"DH","LGA","IAD",0,1,"ontime",14
"764",764,"DH","LGA","IAD",0,1,"ontime",17
"765",765,"DH","LGA","IAD",0,1,"ontime",21
"766",766,"DH","LGA","IAD",0,1,"delayed",6
"767",767,"DH","LGA","IAD",0,1,"ontime",10
"768",768,"DH","JFK","IAD",0,1,"ontime",8
"769",769,"DH","JFK","IAD",0,1,"ontime",12
"770",770,"DH","JFK","IAD",0,1,"delayed",14
"771",771,"DH","JFK","IAD",0,1,"ontime",16
"772",772,"DH","JFK","IAD",0,1,"ontime",17
"773",773,"DH","JFK","IAD",0,1,"ontime",21
"774",774,"DL","JFK","DCA",0,1,"ontime",14
"775",775,"DL","LGA","DCA",0,1,"ontime",6
"776",776,"DL","LGA","DCA",0,1,"ontime",7
"777",777,"DL","LGA","DCA",0,1,"ontime",8
"778",778,"DL","LGA","DCA",0,1,"delayed",9
"779",779,"DL","LGA","DCA",0,1,"ontime",10
"780",780,"DL","LGA","DCA",0,1,"ontime",11
"781",781,"DL","LGA","DCA",0,1,"ontime",12
"782",782,"DL","LGA","DCA",0,1,"ontime",13
"783",783,"DL","LGA","DCA",0,1,"ontime",14
"784",784,"DL","LGA","DCA",0,1,"ontime",15
"785",785,"DL","LGA","DCA",0,1,"ontime",16
"786",786,"DL","LGA","DCA",0,1,"ontime",17
"787",787,"DL","LGA","DCA",0,1,"ontime",18
"788",788,"DL","LGA","DCA",0,1,"ontime",19
"789",789,"DL","LGA","DCA",0,1,"ontime",20
"790",790,"MQ","JFK","DCA",0,1,"ontime",15
"791",791,"MQ","JFK","DCA",0,1,"ontime",6
"792",792,"MQ","JFK","DCA",0,1,"ontime",18
"793",793,"MQ","LGA","DCA",0,1,"delayed",7
"794",794,"MQ","LGA","DCA",0,1,"ontime",8
"795",795,"MQ","LGA","DCA",0,1,"ontime",9
"796",796,"MQ","LGA","DCA",0,1,"ontime",11
"797",797,"MQ","LGA","DCA",0,1,"ontime",13
"798",798,"MQ","LGA","DCA",0,1,"ontime",15
"799",799,"MQ","LGA","DCA",0,1,"ontime",16
"800",800,"MQ","LGA","DCA",0,1,"ontime",17
"801",801,"MQ","LGA","DCA",0,1,"ontime",19
"802",802,"UA","LGA","IAD",0,1,"ontime",8
"803",803,"US","LGA","DCA",0,1,"ontime",6
"804",804,"US","LGA","DCA",0,1,"delayed",7
"805",805,"US","LGA","DCA",0,1,"ontime",8
"806",806,"US","LGA","DCA",0,1,"ontime",9
"807",807,"US","LGA","DCA",0,1,"ontime",10
"808",808,"US","LGA","DCA",0,1,"delayed",11
"809",809,"US","LGA","DCA",0,1,"ontime",12
"810",810,"US","LGA","DCA",0,1,"ontime",13
"811",811,"US","LGA","DCA",0,1,"ontime",14
"812",812,"US","LGA","DCA",0,1,"ontime",15
"813",813,"US","LGA","DCA",0,1,"ontime",16
"814",814,"US","LGA","DCA",0,1,"delayed",17
"815",815,"US","LGA","DCA",0,1,"ontime",18
"816",816,"US","LGA","DCA",0,1,"ontime",19
"817",817,"US","LGA","DCA",0,1,"ontime",20
"818",818,"US","LGA","DCA",0,1,"ontime",21
"819",819,"RU","EWR","BWI",0,1,"ontime",7
"820",820,"RU","EWR","BWI",0,1,"delayed",14
"821",821,"RU","EWR","BWI",0,1,"ontime",17
"822",822,"RU","EWR","BWI",0,1,"ontime",10
"823",823,"CO","EWR","DCA",0,1,"ontime",7
"824",824,"CO","EWR","DCA",0,1,"ontime",13
"825",825,"CO","EWR","DCA",0,1,"delayed",17
"826",826,"CO","EWR","DCA",0,1,"ontime",19
"827",827,"DH","EWR","IAD",0,1,"ontime",8
"828",828,"DH","EWR","IAD",0,1,"ontime",17
"829",829,"DH","EWR","IAD",0,1,"delayed",12
"830",830,"DH","EWR","IAD",0,1,"ontime",21
"831",831,"DH","EWR","IAD",0,1,"ontime",6
"832",832,"DH","EWR","IAD",0,1,"ontime",14
"833",833,"RU","EWR","DCA",0,1,"ontime",13
"834",834,"RU","EWR","DCA",0,1,"ontime",9
"835",835,"RU","EWR","DCA",0,1,"ontime",15
"836",836,"RU","EWR","IAD",0,1,"ontime",17
"837",837,"RU","EWR","IAD",0,1,"ontime",19
"838",838,"RU","EWR","DCA",0,1,"ontime",21
"839",839,"RU","EWR","IAD",0,1,"ontime",13
"840",840,"RU","EWR","DCA",0,1,"ontime",6
"841",841,"RU","EWR","DCA",0,1,"ontime",16
"842",842,"RU","EWR","IAD",0,1,"ontime",7
"843",843,"RU","EWR","IAD",0,1,"ontime",15
"844",844,"OH","JFK","BWI",0,1,"ontime",14
"845",845,"DH","JFK","DCA",0,1,"ontime",16
"846",846,"DH","LGA","IAD",0,1,"ontime",12
"847",847,"DH","LGA","IAD",0,1,"delayed",17
"848",848,"DH","LGA","IAD",0,1,"ontime",21
"849",849,"DH","LGA","IAD",0,1,"delayed",6
"850",850,"DH","LGA","IAD",0,1,"ontime",10
"851",851,"DH","JFK","IAD",0,1,"ontime",8
"852",852,"DH","JFK","IAD",0,1,"ontime",12
"853",853,"DH","JFK","IAD",0,1,"ontime",14
"854",854,"DH","JFK","IAD",0,1,"ontime",16
"855",855,"DH","JFK","IAD",0,1,"ontime",17
"856",856,"DH","JFK","IAD",0,1,"ontime",21
"857",857,"DH","JFK","IAD",0,1,"delayed",16
"858",858,"DL","JFK","DCA",0,1,"ontime",14
"859",859,"DL","LGA","DCA",0,1,"ontime",6
"860",860,"DL","LGA","DCA",0,1,"ontime",7
"861",861,"DL","LGA","DCA",0,1,"ontime",8
"862",862,"DL","LGA","DCA",0,1,"ontime",9
"863",863,"DL","LGA","DCA",0,1,"ontime",10
"864",864,"DL","LGA","DCA",0,1,"ontime",11
"865",865,"DL","LGA","DCA",0,1,"ontime",12
"866",866,"DL","LGA","DCA",0,1,"ontime",13
"867",867,"DL","LGA","DCA",0,1,"ontime",14
"868",868,"DL","LGA","DCA",0,1,"ontime",15
"869",869,"DL","LGA","DCA",0,1,"delayed",16
"870",870,"DL","LGA","DCA",0,1,"ontime",17
"871",871,"DL","LGA","DCA",0,1,"ontime",18
"872",872,"DL","LGA","DCA",0,1,"ontime",19
"873",873,"DL","LGA","DCA",0,1,"delayed",20
"874",874,"MQ","JFK","DCA",0,1,"ontime",15
"875",875,"MQ","JFK","DCA",0,1,"ontime",6
"876",876,"MQ","JFK","DCA",0,1,"delayed",18
"877",877,"MQ","LGA","DCA",0,1,"ontime",7
"878",878,"MQ","LGA","DCA",0,1,"ontime",8
"879",879,"MQ","LGA","DCA",0,1,"ontime",9
"880",880,"MQ","LGA","DCA",0,1,"ontime",11
"881",881,"MQ","LGA","DCA",0,1,"ontime",13
"882",882,"MQ","LGA","DCA",0,1,"ontime",14
"883",883,"MQ","LGA","DCA",0,1,"ontime",15
"884",884,"MQ","LGA","DCA",0,1,"delayed",16
"885",885,"MQ","LGA","DCA",0,1,"delayed",17
"886",886,"MQ","LGA","DCA",0,1,"delayed",19
"887",887,"UA","LGA","IAD",0,1,"ontime",8
"888",888,"US","LGA","DCA",0,1,"ontime",6
"889",889,"US","LGA","DCA",0,1,"ontime",7
"890",890,"US","LGA","DCA",0,1,"ontime",8
"891",891,"US","LGA","DCA",0,1,"ontime",9
"892",892,"US","LGA","DCA",0,1,"ontime",10
"893",893,"US","LGA","DCA",0,1,"ontime",11
"894",894,"US","LGA","DCA",0,1,"ontime",12
"895",895,"US","LGA","DCA",0,1,"ontime",13
"896",896,"US","LGA","DCA",0,1,"ontime",14
"897",897,"US","LGA","DCA",0,1,"ontime",15
"898",898,"US","LGA","DCA",0,1,"delayed",16
"899",899,"US","LGA","DCA",0,1,"ontime",17
"900",900,"US","LGA","DCA",0,1,"ontime",18
"901",901,"US","LGA","DCA",0,1,"ontime",19
"902",902,"US","LGA","DCA",0,1,"ontime",20
"903",903,"US","LGA","DCA",0,1,"ontime",21
"904",904,"RU","EWR","BWI",0,1,"ontime",10
"905",905,"RU","EWR","BWI",0,1,"delayed",17
"906",906,"RU","EWR","BWI",0,1,"ontime",7
"907",907,"RU","EWR","BWI",0,1,"delayed",14
"908",908,"CO","EWR","DCA",0,1,"ontime",7
"909",909,"CO","EWR","DCA",0,1,"delayed",17
"910",910,"CO","EWR","DCA",0,1,"delayed",19
"911",911,"CO","EWR","DCA",0,1,"ontime",13
"912",912,"DH","EWR","IAD",0,1,"ontime",8
"913",913,"DH","EWR","IAD",0,1,"ontime",17
"914",914,"DH","EWR","IAD",0,1,"ontime",12
"915",915,"DH","EWR","IAD",0,1,"ontime",21
"916",916,"DH","EWR","IAD",0,1,"ontime",6
"917",917,"DH","EWR","IAD",0,1,"delayed",14
"918",918,"RU","EWR","IAD",0,1,"ontime",13
"919",919,"RU","EWR","IAD",0,1,"ontime",7
"920",920,"RU","EWR","IAD",0,1,"ontime",15
"921",921,"RU","EWR","IAD",0,1,"ontime",17
"922",922,"RU","EWR","DCA",0,1,"ontime",13
"923",923,"RU","EWR","IAD",0,1,"delayed",19
"924",924,"RU","EWR","DCA",0,1,"ontime",15
"925",925,"RU","EWR","DCA",0,1,"ontime",6
"926",926,"RU","EWR","DCA",0,1,"ontime",16
"927",927,"RU","EWR","DCA",0,1,"ontime",9
"928",928,"RU","EWR","DCA",0,1,"ontime",21
"929",929,"OH","JFK","BWI",0,0,"ontime",14
"930",930,"DH","JFK","DCA",0,0,"ontime",16
"931",931,"DH","LGA","IAD",0,0,"ontime",12
"932",932,"DH","LGA","IAD",0,0,"ontime",17
"933",933,"DH","LGA","IAD",0,0,"ontime",21
"934",934,"DH","LGA","IAD",0,0,"ontime",6
"935",935,"DH","LGA","IAD",0,0,"ontime",10
"936",936,"DH","JFK","IAD",0,0,"ontime",8
"937",937,"DH","JFK","IAD",0,0,"ontime",12
"938",938,"DH","JFK","IAD",0,0,"ontime",14
"939",939,"DH","JFK","IAD",0,0,"ontime",16
"940",940,"DH","JFK","IAD",0,0,"ontime",17
"941",941,"DH","JFK","IAD",0,0,"ontime",21
"942",942,"DH","JFK","IAD",0,0,"ontime",16
"943",943,"DL","JFK","DCA",0,0,"ontime",14
"944",944,"DL","LGA","DCA",0,0,"ontime",6
"945",945,"DL","LGA","DCA",0,0,"ontime",7
"946",946,"DL","LGA","DCA",0,0,"ontime",8
"947",947,"DL","LGA","DCA",0,0,"ontime",9
"948",948,"DL","LGA","DCA",0,0,"ontime",10
"949",949,"DL","LGA","DCA",0,0,"delayed",11
"950",950,"DL","LGA","DCA",0,0,"ontime",12
"951",951,"DL","LGA","DCA",0,0,"ontime",13
"952",952,"DL","LGA","DCA",0,0,"ontime",14
"953",953,"DL","LGA","DCA",0,0,"delayed",15
"954",954,"DL","LGA","DCA",0,0,"ontime",16
"955",955,"DL","LGA","DCA",0,0,"ontime",17
"956",956,"DL","LGA","DCA",0,0,"ontime",18
"957",957,"DL","LGA","DCA",0,0,"delayed",19
"958",958,"DL","LGA","DCA",0,0,"delayed",20
"959",959,"MQ","JFK","DCA",0,0,"ontime",15
"960",960,"MQ","JFK","DCA",0,0,"ontime",6
"961",961,"MQ","JFK","DCA",0,0,"ontime",18
"962",962,"MQ","LGA","DCA",0,0,"delayed",7
"963",963,"MQ","LGA","DCA",0,0,"ontime",8
"964",964,"MQ","LGA","DCA",0,0,"ontime",9
"965",965,"MQ","LGA","DCA",0,0,"delayed",11
"966",966,"MQ","LGA","DCA",0,0,"ontime",13
"967",967,"MQ","LGA","DCA",0,0,"ontime",15
"968",968,"MQ","LGA","DCA",0,0,"ontime",16
"969",969,"MQ","LGA","DCA",0,0,"ontime",17
"970",970,"MQ","LGA","DCA",0,0,"ontime",19
"971",971,"UA","LGA","IAD",0,0,"ontime",8
"972",972,"US","LGA","DCA",0,0,"ontime",6
"973",973,"US","LGA","DCA",0,0,"ontime",7
"974",974,"US","LGA","DCA",0,0,"ontime",8
"975",975,"US","LGA","DCA",0,0,"ontime",9
"976",976,"US","LGA","DCA",0,0,"ontime",10
"977",977,"US","LGA","DCA",0,0,"ontime",11
"978",978,"US","LGA","DCA",0,0,"ontime",12
"979",979,"US","LGA","DCA",0,0,"ontime",13
"980",980,"US","LGA","DCA",0,0,"ontime",14
"981",981,"US","LGA","DCA",0,0,"ontime",15
"982",982,"US","LGA","DCA",0,0,"ontime",16
"983",983,"US","LGA","DCA",0,0,"ontime",17
"984",984,"US","LGA","DCA",0,0,"ontime",18
"985",985,"US","LGA","DCA",0,0,"ontime",19
"986",986,"US","LGA","DCA",0,0,"delayed",20
"987",987,"US","LGA","DCA",0,0,"ontime",21
"988",988,"RU","EWR","BWI",0,0,"ontime",7
"989",989,"RU","EWR","BWI",0,0,"ontime",14
"990",990,"RU","EWR","BWI",0,0,"ontime",17
"991",991,"RU","EWR","BWI",0,0,"ontime",10
"992",992,"CO","EWR","DCA",0,0,"ontime",13
"993",993,"CO","EWR","DCA",0,0,"ontime",19
"994",994,"CO","EWR","DCA",0,0,"ontime",7
"995",995,"CO","EWR","DCA",0,0,"delayed",17
"996",996,"DH","EWR","IAD",0,0,"ontime",8
"997",997,"DH","EWR","IAD",0,0,"ontime",17
"998",998,"DH","EWR","IAD",0,0,"ontime",12
"999",999,"DH","EWR","IAD",0,0,"delayed",21
"1000",1000,"DH","EWR","IAD",0,0,"ontime",6
"1001",1001,"DH","EWR","IAD",0,0,"delayed",14
"1002",1002,"RU","EWR","IAD",0,0,"ontime",7
"1003",1003,"RU","EWR","IAD",0,0,"ontime",17
"1004",1004,"RU","EWR","DCA",0,0,"ontime",9
"1005",1005,"RU","EWR","DCA",0,0,"ontime",13
"1006",1006,"RU","EWR","DCA",0,0,"ontime",6
"1007",1007,"RU","EWR","IAD",0,0,"ontime",15
"1008",1008,"RU","EWR","DCA",0,0,"ontime",16
"1009",1009,"RU","EWR","IAD",0,0,"ontime",19
"1010",1010,"RU","EWR","IAD",0,0,"ontime",13
"1011",1011,"RU","EWR","DCA",0,0,"ontime",15
"1012",1012,"RU","EWR","DCA",0,0,"ontime",21
"1013",1013,"OH","JFK","BWI",0,0,"ontime",14
"1014",1014,"DH","JFK","DCA",0,0,"ontime",16
"1015",1015,"DH","LGA","IAD",0,0,"ontime",12
"1016",1016,"DH","LGA","IAD",0,0,"delayed",14
"1017",1017,"DH","LGA","IAD",0,0,"delayed",21
"1018",1018,"DH","JFK","IAD",0,0,"ontime",8
"1019",1019,"DH","JFK","IAD",0,0,"ontime",12
"1020",1020,"DH","JFK","IAD",0,0,"ontime",14
"1021",1021,"DH","JFK","IAD",0,0,"ontime",16
"1022",1022,"DH","JFK","IAD",0,0,"ontime",17
"1023",1023,"DH","JFK","IAD",0,0,"ontime",21
"1024",1024,"DH","JFK","IAD",0,0,"ontime",16
"1025",1025,"DL","JFK","DCA",0,0,"ontime",14
"1026",1026,"DL","LGA","DCA",0,0,"ontime",6
"1027",1027,"DL","LGA","DCA",0,0,"delayed",7
"1028",1028,"DL","LGA","DCA",0,0,"ontime",9
"1029",1029,"DL","LGA","DCA",0,0,"ontime",11
"1030",1030,"DL","LGA","DCA",0,0,"ontime",13
"1031",1031,"DL","LGA","DCA",0,0,"ontime",14
"1032",1032,"DL","LGA","DCA",0,0,"ontime",15
"1033",1033,"DL","LGA","DCA",0,0,"ontime",16
"1034",1034,"DL","LGA","DCA",0,0,"ontime",17
"1035",1035,"DL","LGA","DCA",0,0,"ontime",18
"1036",1036,"DL","LGA","DCA",0,0,"delayed",19
"1037",1037,"DL","LGA","DCA",0,0,"delayed",20
"1038",1038,"MQ","JFK","DCA",0,0,"ontime",15
"1039",1039,"MQ","JFK","DCA",0,0,"ontime",6
"1040",1040,"MQ","JFK","DCA",0,0,"ontime",18
"1041",1041,"MQ","LGA","DCA",0,0,"delayed",8
"1042",1042,"MQ","LGA","DCA",0,0,"ontime",11
"1043",1043,"MQ","LGA","DCA",0,0,"delayed",13
"1044",1044,"MQ","LGA","DCA",0,0,"ontime",14
"1045",1045,"MQ","LGA","DCA",0,0,"ontime",15
"1046",1046,"MQ","LGA","DCA",0,0,"delayed",16
"1047",1047,"MQ","LGA","DCA",0,0,"delayed",17
"1048",1048,"MQ","LGA","DCA",0,0,"delayed",19
"1049",1049,"UA","LGA","IAD",0,0,"delayed",8
"1050",1050,"US","LGA","DCA",0,0,"delayed",6
"1051",1051,"US","LGA","DCA",0,0,"ontime",8
"1052",1052,"US","LGA","DCA",0,0,"delayed",9
"1053",1053,"US","LGA","DCA",0,0,"ontime",11
"1054",1054,"US","LGA","DCA",0,0,"ontime",12
"1055",1055,"US","LGA","DCA",0,0,"ontime",14
"1056",1056,"US","LGA","DCA",0,0,"ontime",15
"1057",1057,"US","LGA","DCA",0,0,"ontime",16
"1058",1058,"US","LGA","DCA",0,0,"ontime",17
"1059",1059,"US","LGA","DCA",0,0,"ontime",18
"1060",1060,"US","LGA","DCA",0,0,"delayed",19
"1061",1061,"US","LGA","DCA",0,0,"delayed",21
"1062",1062,"RU","EWR","BWI",0,0,"ontime",14
"1063",1063,"RU","EWR","BWI",0,0,"delayed",10
"1064",1064,"RU","EWR","BWI",0,0,"delayed",17
"1065",1065,"CO","EWR","DCA",0,0,"delayed",7
"1066",1066,"CO","EWR","DCA",0,0,"delayed",19
"1067",1067,"CO","EWR","DCA",0,0,"ontime",13
"1068",1068,"DH","EWR","IAD",0,0,"ontime",8
"1069",1069,"DH","EWR","IAD",0,0,"ontime",12
"1070",1070,"DH","EWR","IAD",0,0,"ontime",21
"1071",1071,"DH","EWR","IAD",0,0,"ontime",6
"1072",1072,"RU","EWR","DCA",0,0,"ontime",6
"1073",1073,"RU","EWR","IAD",0,0,"delayed",19
"1074",1074,"RU","EWR","IAD",0,0,"delayed",7
"1075",1075,"RU","EWR","IAD",0,0,"delayed",13
"1076",1076,"RU","EWR","DCA",0,0,"ontime",16
"1077",1077,"RU","EWR","DCA",0,0,"ontime",15
"1078",1078,"RU","EWR","IAD",0,0,"ontime",15
"1079",1079,"RU","EWR","DCA",0,0,"delayed",21
"1080",1080,"RU","EWR","DCA",0,0,"delayed",9
"1081",1081,"RU","EWR","DCA",0,0,"ontime",13
"1082",1082,"OH","JFK","BWI",0,0,"ontime",14
"1083",1083,"DH","JFK","DCA",0,0,"ontime",16
"1084",1084,"DH","LGA","IAD",0,0,"delayed",14
"1085",1085,"DH","LGA","IAD",0,0,"delayed",17
"1086",1086,"DH","LGA","IAD",0,0,"ontime",21
"1087",1087,"DH","LGA","IAD",0,0,"ontime",6
"1088",1088,"DH","JFK","IAD",0,0,"ontime",8
"1089",1089,"DH","JFK","IAD",0,0,"ontime",12
"1090",1090,"DH","JFK","IAD",0,0,"ontime",14
"1091",1091,"DH","JFK","IAD",0,0,"ontime",16
"1092",1092,"DH","JFK","IAD",0,0,"ontime",17
"1093",1093,"DH","JFK","IAD",0,0,"ontime",21
"1094",1094,"DH","JFK","IAD",0,0,"ontime",16
"1095",1095,"DL","JFK","DCA",0,0,"delayed",14
"1096",1096,"DL","LGA","DCA",0,0,"ontime",6
"1097",1097,"DL","LGA","DCA",0,0,"ontime",7
"1098",1098,"DL","LGA","DCA",0,0,"delayed",8
"1099",1099,"DL","LGA","DCA",0,0,"ontime",9
"1100",1100,"DL","LGA","DCA",0,0,"delayed",10
"1101",1101,"DL","LGA","DCA",0,0,"ontime",11
"1102",1102,"DL","LGA","DCA",0,0,"ontime",12
"1103",1103,"DL","LGA","DCA",0,0,"ontime",13
"1104",1104,"DL","LGA","DCA",0,0,"ontime",14
"1105",1105,"DL","LGA","DCA",0,0,"ontime",15
"1106",1106,"DL","LGA","DCA",0,0,"ontime",16
"1107",1107,"DL","LGA","DCA",0,0,"ontime",17
"1108",1108,"DL","LGA","DCA",0,0,"ontime",18
"1109",1109,"DL","LGA","DCA",0,0,"ontime",19
"1110",1110,"DL","LGA","DCA",0,0,"ontime",20
"1111",1111,"MQ","JFK","DCA",0,0,"ontime",15
"1112",1112,"MQ","JFK","DCA",0,0,"ontime",6
"1113",1113,"MQ","JFK","DCA",0,0,"delayed",18
"1114",1114,"MQ","LGA","DCA",0,0,"delayed",8
"1115",1115,"MQ","LGA","DCA",0,0,"delayed",9
"1116",1116,"MQ","LGA","DCA",0,0,"delayed",11
"1117",1117,"MQ","LGA","DCA",0,0,"delayed",13
"1118",1118,"MQ","LGA","DCA",0,0,"delayed",14
"1119",1119,"MQ","LGA","DCA",0,0,"delayed",16
"1120",1120,"MQ","LGA","DCA",0,0,"delayed",17
"1121",1121,"MQ","LGA","DCA",0,0,"delayed",19
"1122",1122,"UA","LGA","IAD",0,0,"delayed",8
"1123",1123,"US","LGA","DCA",0,0,"ontime",6
"1124",1124,"US","LGA","DCA",0,0,"ontime",7
"1125",1125,"US","LGA","DCA",0,0,"ontime",8
"1126",1126,"US","LGA","DCA",0,0,"delayed",9
"1127",1127,"US","LGA","DCA",0,0,"ontime",10
"1128",1128,"US","LGA","DCA",0,0,"ontime",11
"1129",1129,"US","LGA","DCA",0,0,"ontime",12
"1130",1130,"US","LGA","DCA",0,0,"ontime",13
"1131",1131,"US","LGA","DCA",0,0,"ontime",14
"1132",1132,"US","LGA","DCA",0,0,"ontime",15
"1133",1133,"US","LGA","DCA",0,0,"ontime",16
"1134",1134,"US","LGA","DCA",0,0,"ontime",17
"1135",1135,"US","LGA","DCA",0,0,"ontime",18
"1136",1136,"US","LGA","DCA",0,0,"delayed",19
"1137",1137,"US","LGA","DCA",0,0,"ontime",20
"1138",1138,"US","LGA","DCA",0,0,"ontime",21
"1139",1139,"RU","EWR","BWI",0,0,"delayed",17
"1140",1140,"RU","EWR","BWI",0,0,"delayed",10
"1141",1141,"RU","EWR","BWI",0,0,"delayed",14
"1142",1142,"RU","EWR","BWI",0,0,"ontime",7
"1143",1143,"CO","EWR","DCA",0,0,"delayed",13
"1144",1144,"CO","EWR","DCA",0,0,"delayed",17
"1145",1145,"CO","EWR","DCA",0,0,"ontime",7
"1146",1146,"DH","EWR","IAD",0,0,"ontime",8
"1147",1147,"DH","EWR","IAD",0,0,"ontime",17
"1148",1148,"DH","EWR","IAD",0,0,"ontime",12
"1149",1149,"DH","EWR","IAD",0,0,"ontime",21
"1150",1150,"DH","EWR","IAD",0,0,"delayed",6
"1151",1151,"RU","EWR","IAD",0,0,"delayed",15
"1152",1152,"RU","EWR","DCA",0,0,"ontime",6
"1153",1153,"RU","EWR","DCA",0,0,"delayed",15
"1154",1154,"RU","EWR","DCA",0,0,"delayed",13
"1155",1155,"RU","EWR","DCA",0,0,"delayed",16
"1156",1156,"RU","EWR","IAD",0,0,"delayed",13
"1157",1157,"RU","EWR","DCA",0,0,"ontime",9
"1158",1158,"RU","EWR","IAD",0,0,"delayed",19
"1159",1159,"RU","EWR","IAD",0,0,"ontime",7
"1160",1160,"RU","EWR","DCA",0,0,"ontime",21
"1161",1161,"RU","EWR","IAD",0,0,"delayed",17
"1162",1162,"OH","JFK","BWI",0,0,"ontime",14
"1163",1163,"DH","JFK","DCA",0,0,"ontime",16
"1164",1164,"DH","LGA","IAD",0,0,"ontime",12
"1165",1165,"DH","LGA","IAD",0,0,"ontime",17
"1166",1166,"DH","LGA","IAD",0,0,"delayed",21
"1167",1167,"DH","JFK","IAD",0,0,"ontime",8
"1168",1168,"DH","JFK","IAD",0,0,"ontime",12
"1169",1169,"DH","JFK","IAD",0,0,"ontime",16
"1170",1170,"DH","JFK","IAD",0,0,"delayed",17
"1171",1171,"DH","JFK","IAD",0,0,"delayed",21
"1172",1172,"DH","JFK","IAD",0,0,"delayed",18
"1173",1173,"DL","JFK","DCA",0,0,"delayed",14
"1174",1174,"DL","LGA","DCA",0,0,"ontime",7
"1175",1175,"DL","LGA","DCA",0,0,"ontime",8
"1176",1176,"DL","LGA","DCA",0,0,"ontime",10
"1177",1177,"DL","LGA","DCA",0,0,"ontime",14
"1178",1178,"DL","LGA","DCA",0,0,"delayed",16
"1179",1179,"DL","LGA","DCA",0,0,"ontime",18
"1180",1180,"DL","LGA","DCA",0,0,"ontime",20
"1181",1181,"MQ","JFK","DCA",0,0,"ontime",15
"1182",1182,"MQ","JFK","DCA",0,0,"ontime",6
"1183",1183,"MQ","JFK","DCA",0,0,"ontime",18
"1184",1184,"MQ","LGA","DCA",0,0,"ontime",9
"1185",1185,"MQ","LGA","DCA",0,0,"ontime",13
"1186",1186,"UA","LGA","IAD",0,0,"ontime",8
"1187",1187,"US","LGA","DCA",0,0,"ontime",7
"1188",1188,"US","LGA","DCA",0,0,"ontime",9
"1189",1189,"US","LGA","DCA",0,0,"ontime",11
"1190",1190,"US","LGA","DCA",0,0,"ontime",13
"1191",1191,"US","LGA","DCA",0,0,"ontime",15
"1192",1192,"US","LGA","DCA",0,0,"ontime",17
"1193",1193,"US","LGA","DCA",0,0,"ontime",19
"1194",1194,"RU","EWR","BWI",0,0,"ontime",17
"1195",1195,"RU","EWR","BWI",0,0,"ontime",14
"1196",1196,"RU","EWR","BWI",0,0,"ontime",10
"1197",1197,"RU","EWR","BWI",0,0,"ontime",7
"1198",1198,"CO","EWR","DCA",0,0,"ontime",13
"1199",1199,"DH","EWR","IAD",0,0,"ontime",8
"1200",1200,"DH","EWR","IAD",0,0,"ontime",17
"1201",1201,"DH","EWR","IAD",0,0,"ontime",12
"1202",1202,"DH","EWR","IAD",0,0,"delayed",21
"1203",1203,"RU","EWR","IAD",0,0,"ontime",7
"1204",1204,"RU","EWR","DCA",0,0,"ontime",16
"1205",1205,"RU","EWR","DCA",0,0,"ontime",17
"1206",1206,"RU","EWR","DCA",0,0,"ontime",13
"1207",1207,"RU","EWR","IAD",0,0,"ontime",15
"1208",1208,"RU","EWR","DCA",0,0,"ontime",9
"1209",1209,"RU","EWR","IAD",0,0,"ontime",17
"1210",1210,"RU","EWR","DCA",0,0,"ontime",6
"1211",1211,"OH","JFK","BWI",0,0,"ontime",14
"1212",1212,"DH","JFK","DCA",0,0,"delayed",16
"1213",1213,"DH","LGA","IAD",0,0,"ontime",12
"1214",1214,"DH","LGA","IAD",0,0,"delayed",14
"1215",1215,"DH","LGA","IAD",0,0,"delayed",17
"1216",1216,"DH","LGA","IAD",0,0,"ontime",21
"1217",1217,"DH","JFK","IAD",0,0,"ontime",8
"1218",1218,"DH","JFK","IAD",0,0,"ontime",12
"1219",1219,"DH","JFK","IAD",0,0,"delayed",14
"1220",1220,"DH","JFK","IAD",0,0,"ontime",16
"1221",1221,"DH","JFK","IAD",0,0,"delayed",17
"1222",1222,"DH","JFK","IAD",0,0,"ontime",21
"1223",1223,"DH","JFK","IAD",0,0,"delayed",16
"1224",1224,"DL","JFK","DCA",0,0,"delayed",14
"1225",1225,"DL","LGA","DCA",0,0,"ontime",8
"1226",1226,"DL","LGA","DCA",0,0,"ontime",10
"1227",1227,"DL","LGA","DCA",0,0,"delayed",12
"1228",1228,"DL","LGA","DCA",0,0,"ontime",14
"1229",1229,"DL","LGA","DCA",0,0,"ontime",16
"1230",1230,"DL","LGA","DCA",0,0,"delayed",18
"1231",1231,"DL","LGA","DCA",0,0,"ontime",20
"1232",1232,"MQ","JFK","DCA",0,0,"delayed",15
"1233",1233,"MQ","JFK","DCA",0,0,"delayed",6
"1234",1234,"MQ","JFK","DCA",0,0,"ontime",9
"1235",1235,"MQ","JFK","DCA",0,0,"delayed",18
"1236",1236,"MQ","LGA","DCA",0,0,"delayed",13
"1237",1237,"MQ","LGA","DCA",0,0,"delayed",15
"1238",1238,"MQ","LGA","DCA",0,0,"delayed",17
"1239",1239,"MQ","LGA","DCA",0,0,"delayed",19
"1240",1240,"UA","LGA","IAD",0,0,"ontime",8
"1241",1241,"US","LGA","DCA",0,0,"ontime",9
"1242",1242,"US","LGA","DCA",0,0,"ontime",10
"1243",1243,"US","LGA","DCA",0,0,"ontime",11
"1244",1244,"US","LGA","DCA",0,0,"ontime",12
"1245",1245,"US","LGA","DCA",0,0,"delayed",13
"1246",1246,"US","LGA","DCA",0,0,"ontime",14
"1247",1247,"US","LGA","DCA",0,0,"delayed",16
"1248",1248,"US","LGA","DCA",0,0,"ontime",18
"1249",1249,"US","LGA","DCA",0,0,"ontime",19
"1250",1250,"US","LGA","DCA",0,0,"ontime",20
"1251",1251,"US","LGA","DCA",0,0,"ontime",21
"1252",1252,"RU","EWR","BWI",1,0,"delayed",10
"1253",1253,"RU","EWR","BWI",0,0,"delayed",13
"1254",1254,"RU","EWR","BWI",0,0,"delayed",14
"1255",1255,"CO","EWR","DCA",0,0,"ontime",13
"1256",1256,"CO","EWR","DCA",0,0,"delayed",16
"1257",1257,"CO","EWR","DCA",0,0,"delayed",19
"1258",1258,"DH","EWR","IAD",0,0,"ontime",8
"1259",1259,"DH","EWR","IAD",0,0,"delayed",17
"1260",1260,"DH","EWR","IAD",0,0,"delayed",12
"1261",1261,"DH","EWR","IAD",0,0,"ontime",21
"1262",1262,"RU","EWR","IAD",0,0,"delayed",15
"1263",1263,"RU","EWR","DCA",0,0,"delayed",13
"1264",1264,"RU","EWR","IAD",0,0,"ontime",8
"1265",1265,"RU","EWR","DCA",0,0,"ontime",9
"1266",1266,"OH","JFK","BWI",0,1,"ontime",14
"1267",1267,"DH","JFK","DCA",0,1,"ontime",16
"1268",1268,"DH","LGA","IAD",0,1,"ontime",12
"1269",1269,"DH","LGA","IAD",0,1,"ontime",14
"1270",1270,"DH","LGA","IAD",0,1,"ontime",17
"1271",1271,"DH","LGA","IAD",0,1,"delayed",21
"1272",1272,"DH","LGA","IAD",0,1,"delayed",6
"1273",1273,"DH","LGA","IAD",0,1,"ontime",10
"1274",1274,"DH","JFK","IAD",0,1,"ontime",8
"1275",1275,"DH","JFK","IAD",0,1,"ontime",12
"1276",1276,"DH","JFK","IAD",0,1,"ontime",14
"1277",1277,"DH","JFK","IAD",0,1,"ontime",16
"1278",1278,"DH","JFK","IAD",0,1,"ontime",17
"1279",1279,"DH","JFK","IAD",0,1,"ontime",21
"1280",1280,"DH","JFK","IAD",0,1,"ontime",16
"1281",1281,"DL","JFK","DCA",0,1,"delayed",14
"1282",1282,"DL","LGA","DCA",0,1,"ontime",7
"1283",1283,"DL","LGA","DCA",0,1,"ontime",8
"1284",1284,"DL","LGA","DCA",0,1,"ontime",10
"1285",1285,"DL","LGA","DCA",0,1,"ontime",12
"1286",1286,"DL","LGA","DCA",0,1,"ontime",14
"1287",1287,"DL","LGA","DCA",0,1,"ontime",15
"1288",1288,"DL","LGA","DCA",0,1,"ontime",16
"1289",1289,"DL","LGA","DCA",0,1,"ontime",18
"1290",1290,"DL","LGA","DCA",0,1,"ontime",19
"1291",1291,"DL","LGA","DCA",0,1,"ontime",20
"1292",1292,"MQ","JFK","DCA",0,1,"ontime",15
"1293",1293,"MQ","JFK","DCA",0,1,"ontime",6
"1294",1294,"MQ","JFK","DCA",0,1,"delayed",18
"1295",1295,"MQ","LGA","DCA",0,1,"delayed",7
"1296",1296,"MQ","LGA","DCA",0,1,"delayed",8
"1297",1297,"MQ","LGA","DCA",0,1,"ontime",9
"1298",1298,"MQ","LGA","DCA",0,1,"ontime",11
"1299",1299,"MQ","LGA","DCA",0,1,"ontime",13
"1300",1300,"MQ","LGA","DCA",0,1,"ontime",14
"1301",1301,"MQ","LGA","DCA",0,1,"delayed",15
"1302",1302,"MQ","LGA","DCA",0,1,"ontime",16
"1303",1303,"MQ","LGA","DCA",0,1,"ontime",17
"1304",1304,"MQ","LGA","DCA",0,1,"delayed",19
"1305",1305,"UA","LGA","IAD",0,1,"ontime",8
"1306",1306,"US","LGA","DCA",0,1,"ontime",6
"1307",1307,"US","LGA","DCA",0,1,"ontime",7
"1308",1308,"US","LGA","DCA",0,1,"ontime",8
"1309",1309,"US","LGA","DCA",0,1,"ontime",9
"1310",1310,"US","LGA","DCA",0,1,"ontime",10
"1311",1311,"US","LGA","DCA",0,1,"ontime",11
"1312",1312,"US","LGA","DCA",0,1,"ontime",12
"1313",1313,"US","LGA","DCA",0,1,"ontime",13
"1314",1314,"US","LGA","DCA",0,1,"ontime",14
"1315",1315,"US","LGA","DCA",0,1,"ontime",15
"1316",1316,"US","LGA","DCA",0,1,"ontime",16
"1317",1317,"US","LGA","DCA",0,1,"ontime",17
"1318",1318,"US","LGA","DCA",0,1,"ontime",18
"1319",1319,"US","LGA","DCA",0,1,"ontime",19
"1320",1320,"US","LGA","DCA",0,1,"ontime",20
"1321",1321,"US","LGA","DCA",0,1,"ontime",21
"1322",1322,"RU","EWR","BWI",0,1,"ontime",17
"1323",1323,"RU","EWR","BWI",0,1,"ontime",10
"1324",1324,"RU","EWR","BWI",0,1,"ontime",7
"1325",1325,"RU","EWR","BWI",0,1,"ontime",14
"1326",1326,"CO","EWR","DCA",0,1,"delayed",17
"1327",1327,"CO","EWR","DCA",0,1,"ontime",13
"1328",1328,"CO","EWR","DCA",0,1,"ontime",7
"1329",1329,"CO","EWR","DCA",0,1,"ontime",19
"1330",1330,"DH","EWR","IAD",0,1,"ontime",8
"1331",1331,"DH","EWR","IAD",0,1,"ontime",17
"1332",1332,"DH","EWR","IAD",0,1,"ontime",12
"1333",1333,"DH","EWR","IAD",0,1,"delayed",21
"1334",1334,"DH","EWR","IAD",0,1,"ontime",6
"1335",1335,"DH","EWR","IAD",0,1,"ontime",14
"1336",1336,"RU","EWR","IAD",0,1,"delayed",19
"1337",1337,"RU","EWR","IAD",0,1,"ontime",13
"1338",1338,"RU","EWR","DCA",0,1,"ontime",6
"1339",1339,"RU","EWR","DCA",0,1,"ontime",15
"1340",1340,"RU","EWR","IAD",0,1,"ontime",7
"1341",1341,"RU","EWR","IAD",0,1,"ontime",17
"1342",1342,"RU","EWR","IAD",0,1,"ontime",15
"1343",1343,"RU","EWR","DCA",0,1,"ontime",16
"1344",1344,"RU","EWR","DCA",0,1,"ontime",13
"1345",1345,"RU","EWR","DCA",0,1,"ontime",9
"1346",1346,"RU","EWR","DCA",0,1,"ontime",21
"1347",1347,"OH","JFK","BWI",0,1,"ontime",14
"1348",1348,"DH","JFK","DCA",0,1,"ontime",16
"1349",1349,"DH","LGA","IAD",0,1,"ontime",12
"1350",1350,"DH","LGA","IAD",0,1,"ontime",14
"1351",1351,"DH","LGA","IAD",0,1,"ontime",17
"1352",1352,"DH","LGA","IAD",0,1,"ontime",21
"1353",1353,"DH","LGA","IAD",0,1,"ontime",6
"1354",1354,"DH","LGA","IAD",0,1,"ontime",10
"1355",1355,"DH","JFK","IAD",0,1,"ontime",8
"1356",1356,"DH","JFK","IAD",0,1,"delayed",12
"1357",1357,"DH","JFK","IAD",0,1,"ontime",14
"1358",1358,"DH","JFK","IAD",0,1,"ontime",16
"1359",1359,"DH","JFK","IAD",0,1,"ontime",17
"1360",1360,"DH","JFK","IAD",0,1,"ontime",21
"1361",1361,"DH","JFK","IAD",0,1,"ontime",16
"1362",1362,"DL","JFK","DCA",0,1,"delayed",14
"1363",1363,"DL","LGA","DCA",0,1,"ontime",6
"1364",1364,"DL","LGA","DCA",0,1,"ontime",7
"1365",1365,"DL","LGA","DCA",0,1,"ontime",8
"1366",1366,"DL","LGA","DCA",0,1,"ontime",9
"1367",1367,"DL","LGA","DCA",0,1,"ontime",10
"1368",1368,"DL","LGA","DCA",0,1,"ontime",11
"1369",1369,"DL","LGA","DCA",0,1,"ontime",12
"1370",1370,"DL","LGA","DCA",0,1,"ontime",13
"1371",1371,"DL","LGA","DCA",0,1,"ontime",14
"1372",1372,"DL","LGA","DCA",0,1,"ontime",15
"1373",1373,"DL","LGA","DCA",0,1,"delayed",16
"1374",1374,"DL","LGA","DCA",0,1,"ontime",17
"1375",1375,"DL","LGA","DCA",0,1,"ontime",18
"1376",1376,"DL","LGA","DCA",0,1,"ontime",19
"1377",1377,"DL","LGA","DCA",0,1,"ontime",20
"1378",1378,"MQ","JFK","DCA",0,1,"ontime",15
"1379",1379,"MQ","JFK","DCA",0,1,"ontime",6
"1380",1380,"MQ","JFK","DCA",0,1,"ontime",18
"1381",1381,"MQ","LGA","DCA",0,1,"ontime",7
"1382",1382,"MQ","LGA","DCA",0,1,"ontime",8
"1383",1383,"MQ","LGA","DCA",0,1,"ontime",9
"1384",1384,"MQ","LGA","DCA",0,1,"ontime",11
"1385",1385,"MQ","LGA","DCA",0,1,"ontime",13
"1386",1386,"MQ","LGA","DCA",0,1,"ontime",14
"1387",1387,"MQ","LGA","DCA",0,1,"ontime",15
"1388",1388,"MQ","LGA","DCA",0,1,"ontime",16
"1389",1389,"MQ","LGA","DCA",0,1,"delayed",19
"1390",1390,"UA","LGA","IAD",0,1,"ontime",8
"1391",1391,"US","LGA","DCA",0,1,"ontime",6
"1392",1392,"US","LGA","DCA",0,1,"ontime",7
"1393",1393,"US","LGA","DCA",0,1,"ontime",8
"1394",1394,"US","LGA","DCA",0,1,"ontime",9
"1395",1395,"US","LGA","DCA",0,1,"ontime",10
"1396",1396,"US","LGA","DCA",0,1,"ontime",11
"1397",1397,"US","LGA","DCA",0,1,"ontime",12
"1398",1398,"US","LGA","DCA",0,1,"ontime",13
"1399",1399,"US","LGA","DCA",0,1,"ontime",14
"1400",1400,"US","LGA","DCA",0,1,"ontime",15
"1401",1401,"US","LGA","DCA",0,1,"ontime",16
"1402",1402,"US","LGA","DCA",0,1,"ontime",17
"1403",1403,"US","LGA","DCA",0,1,"ontime",18
"1404",1404,"US","LGA","DCA",0,1,"ontime",19
"1405",1405,"US","LGA","DCA",0,1,"ontime",20
"1406",1406,"US","LGA","DCA",0,1,"ontime",21
"1407",1407,"RU","EWR","BWI",0,1,"ontime",14
"1408",1408,"RU","EWR","BWI",0,1,"ontime",10
"1409",1409,"RU","EWR","BWI",0,1,"delayed",17
"1410",1410,"RU","EWR","BWI",0,1,"ontime",7
"1411",1411,"CO","EWR","DCA",0,1,"ontime",19
"1412",1412,"CO","EWR","DCA",0,1,"ontime",17
"1413",1413,"CO","EWR","DCA",0,1,"ontime",13
"1414",1414,"CO","EWR","DCA",0,1,"ontime",7
"1415",1415,"DH","EWR","IAD",0,1,"ontime",8
"1416",1416,"DH","EWR","IAD",0,1,"ontime",17
"1417",1417,"DH","EWR","IAD",0,1,"ontime",12
"1418",1418,"DH","EWR","IAD",0,1,"ontime",21
"1419",1419,"DH","EWR","IAD",0,1,"ontime",6
"1420",1420,"DH","EWR","IAD",0,1,"ontime",14
"1421",1421,"RU","EWR","DCA",0,1,"ontime",16
"1422",1422,"RU","EWR","DCA",0,1,"ontime",21
"1423",1423,"RU","EWR","DCA",0,1,"ontime",13
"1424",1424,"RU","EWR","IAD",0,1,"ontime",17
"1425",1425,"RU","EWR","DCA",0,1,"ontime",6
"1426",1426,"RU","EWR","IAD",0,1,"ontime",19
"1427",1427,"RU","EWR","DCA",0,1,"ontime",9
"1428",1428,"RU","EWR","IAD",0,1,"ontime",13
"1429",1429,"RU","EWR","DCA",0,1,"delayed",15
"1430",1430,"RU","EWR","IAD",0,1,"ontime",15
"1431",1431,"RU","EWR","IAD",0,1,"delayed",7
"1432",1432,"OH","JFK","BWI",0,0,"ontime",14
"1433",1433,"DH","LGA","IAD",0,0,"ontime",12
"1434",1434,"DH","LGA","IAD",0,0,"ontime",14
"1435",1435,"DH","LGA","IAD",0,0,"ontime",17
"1436",1436,"DH","LGA","IAD",0,0,"delayed",21
"1437",1437,"DH","LGA","IAD",0,0,"delayed",6
"1438",1438,"DH","LGA","IAD",0,0,"ontime",10
"1439",1439,"DH","JFK","IAD",0,0,"ontime",8
"1440",1440,"DH","JFK","IAD",0,0,"ontime",12
"1441",1441,"DH","JFK","IAD",0,0,"ontime",14
"1442",1442,"DH","JFK","IAD",0,0,"ontime",16
"1443",1443,"DH","JFK","IAD",0,0,"ontime",17
"1444",1444,"DH","JFK","IAD",0,0,"ontime",21
"1445",1445,"DH","JFK","IAD",0,0,"ontime",16
"1446",1446,"DL","JFK","DCA",0,0,"ontime",14
"1447",1447,"DL","LGA","DCA",0,0,"ontime",6
"1448",1448,"DL","LGA","DCA",0,0,"ontime",7
"1449",1449,"DL","LGA","DCA",0,0,"ontime",8
"1450",1450,"DL","LGA","DCA",0,0,"ontime",9
"1451",1451,"DL","LGA","DCA",0,0,"ontime",10
"1452",1452,"DL","LGA","DCA",0,0,"ontime",11
"1453",1453,"DL","LGA","DCA",0,0,"ontime",12
"1454",1454,"DL","LGA","DCA",0,0,"ontime",13
"1455",1455,"DL","LGA","DCA",0,0,"ontime",14
"1456",1456,"DL","LGA","DCA",0,0,"ontime",15
"1457",1457,"DL","LGA","DCA",0,0,"delayed",16
"1458",1458,"DL","LGA","DCA",0,0,"ontime",17
"1459",1459,"DL","LGA","DCA",0,0,"ontime",18
"1460",1460,"DL","LGA","DCA",0,0,"ontime",19
"1461",1461,"DL","LGA","DCA",0,0,"ontime",20
"1462",1462,"MQ","JFK","DCA",0,0,"ontime",15
"1463",1463,"MQ","JFK","DCA",0,0,"ontime",6
"1464",1464,"MQ","JFK","DCA",0,0,"ontime",18
"1465",1465,"MQ","LGA","DCA",0,0,"ontime",7
"1466",1466,"MQ","LGA","DCA",0,0,"ontime",8
"1467",1467,"MQ","LGA","DCA",0,0,"ontime",9
"1468",1468,"MQ","LGA","DCA",0,0,"ontime",11
"1469",1469,"MQ","LGA","DCA",0,0,"ontime",13
"1470",1470,"MQ","LGA","DCA",0,0,"ontime",14
"1471",1471,"MQ","LGA","DCA",0,0,"ontime",15
"1472",1472,"MQ","LGA","DCA",0,0,"ontime",16
"1473",1473,"MQ","LGA","DCA",0,0,"ontime",17
"1474",1474,"MQ","LGA","DCA",0,0,"ontime",19
"1475",1475,"UA","LGA","IAD",0,0,"ontime",8
"1476",1476,"US","LGA","DCA",0,0,"ontime",6
"1477",1477,"US","LGA","DCA",0,0,"ontime",7
"1478",1478,"US","LGA","DCA",0,0,"ontime",8
"1479",1479,"US","LGA","DCA",0,0,"ontime",9
"1480",1480,"US","LGA","DCA",0,0,"ontime",10
"1481",1481,"US","LGA","DCA",0,0,"ontime",11
"1482",1482,"US","LGA","DCA",0,0,"ontime",12
"1483",1483,"US","LGA","DCA",0,0,"ontime",13
"1484",1484,"US","LGA","DCA",0,0,"ontime",14
"1485",1485,"US","LGA","DCA",0,0,"ontime",15
"1486",1486,"US","LGA","DCA",0,0,"ontime",16
"1487",1487,"US","LGA","DCA",0,0,"ontime",17
"1488",1488,"US","LGA","DCA",0,0,"ontime",18
"1489",1489,"US","LGA","DCA",0,0,"ontime",19
"1490",1490,"US","LGA","DCA",0,0,"ontime",20
"1491",1491,"US","LGA","DCA",0,0,"ontime",21
"1492",1492,"RU","EWR","BWI",0,0,"ontime",7
"1493",1493,"RU","EWR","BWI",0,0,"ontime",14
"1494",1494,"RU","EWR","BWI",0,0,"delayed",17
"1495",1495,"RU","EWR","BWI",0,0,"ontime",10
"1496",1496,"CO","EWR","DCA",0,0,"delayed",17
"1497",1497,"CO","EWR","DCA",0,0,"ontime",19
"1498",1498,"CO","EWR","DCA",0,0,"ontime",13
"1499",1499,"CO","EWR","DCA",0,0,"ontime",7
"1500",1500,"DH","EWR","IAD",0,0,"ontime",8
"1501",1501,"DH","EWR","IAD",0,0,"delayed",17
"1502",1502,"DH","EWR","IAD",0,0,"ontime",12
"1503",1503,"DH","EWR","IAD",0,0,"ontime",21
"1504",1504,"DH","EWR","IAD",0,0,"ontime",6
"1505",1505,"DH","EWR","IAD",0,0,"ontime",14
"1506",1506,"RU","EWR","DCA",0,0,"ontime",6
"1507",1507,"RU","EWR","IAD",0,0,"delayed",15
"1508",1508,"RU","EWR","DCA",0,0,"ontime",21
"1509",1509,"RU","EWR","DCA",0,0,"delayed",16
"1510",1510,"RU","EWR","IAD",0,0,"ontime",19
"1511",1511,"RU","EWR","DCA",0,0,"delayed",15
"1512",1512,"RU","EWR","IAD",0,0,"ontime",7
"1513",1513,"RU","EWR","DCA",0,0,"ontime",13
"1514",1514,"RU","EWR","IAD",0,0,"ontime",17
"1515",1515,"RU","EWR","IAD",0,0,"ontime",13
"1516",1516,"RU","EWR","DCA",0,0,"ontime",9
"1517",1517,"OH","JFK","BWI",0,0,"delayed",14
"1518",1518,"DH","JFK","DCA",0,0,"ontime",16
"1519",1519,"DH","LGA","IAD",0,0,"delayed",12
"1520",1520,"DH","LGA","IAD",0,0,"delayed",14
"1521",1521,"DH","LGA","IAD",0,0,"ontime",17
"1522",1522,"DH","LGA","IAD",0,0,"ontime",21
"1523",1523,"DH","LGA","IAD",0,0,"ontime",6
"1524",1524,"DH","LGA","IAD",0,0,"ontime",10
"1525",1525,"DH","JFK","IAD",0,0,"ontime",8
"1526",1526,"DH","JFK","IAD",0,0,"ontime",12
"1527",1527,"DH","JFK","IAD",0,0,"ontime",14
"1528",1528,"DH","JFK","IAD",0,0,"ontime",16
"1529",1529,"DH","JFK","IAD",0,0,"ontime",17
"1530",1530,"DH","JFK","IAD",0,0,"ontime",21
"1531",1531,"DH","JFK","IAD",0,0,"ontime",16
"1532",1532,"DL","JFK","DCA",0,0,"ontime",14
"1533",1533,"DL","LGA","DCA",0,0,"ontime",6
"1534",1534,"DL","LGA","DCA",0,0,"ontime",7
"1535",1535,"DL","LGA","DCA",0,0,"ontime",8
"1536",1536,"DL","LGA","DCA",0,0,"ontime",9
"1537",1537,"DL","LGA","DCA",0,0,"ontime",10
"1538",1538,"DL","LGA","DCA",0,0,"ontime",11
"1539",1539,"DL","LGA","DCA",0,0,"ontime",12
"1540",1540,"DL","LGA","DCA",0,0,"ontime",13
"1541",1541,"DL","LGA","DCA",0,0,"delayed",14
"1542",1542,"DL","LGA","DCA",0,0,"ontime",15
"1543",1543,"DL","LGA","DCA",0,0,"delayed",16
"1544",1544,"DL","LGA","DCA",0,0,"delayed",17
"1545",1545,"DL","LGA","DCA",0,0,"ontime",18
"1546",1546,"DL","LGA","DCA",0,0,"ontime",19
"1547",1547,"DL","LGA","DCA",0,0,"ontime",20
"1548",1548,"MQ","JFK","DCA",0,0,"ontime",15
"1549",1549,"MQ","JFK","DCA",0,0,"ontime",6
"1550",1550,"MQ","JFK","DCA",0,0,"ontime",18
"1551",1551,"MQ","LGA","DCA",0,0,"ontime",7
"1552",1552,"MQ","LGA","DCA",0,0,"ontime",8
"1553",1553,"MQ","LGA","DCA",0,0,"ontime",9
"1554",1554,"MQ","LGA","DCA",0,0,"ontime",11
"1555",1555,"MQ","LGA","DCA",0,0,"ontime",13
"1556",1556,"MQ","LGA","DCA",0,0,"ontime",14
"1557",1557,"MQ","LGA","DCA",0,0,"ontime",15
"1558",1558,"MQ","LGA","DCA",0,0,"ontime",16
"1559",1559,"MQ","LGA","DCA",0,0,"ontime",17
"1560",1560,"MQ","LGA","DCA",0,0,"ontime",19
"1561",1561,"UA","LGA","IAD",0,0,"ontime",8
"1562",1562,"US","LGA","DCA",0,0,"ontime",6
"1563",1563,"US","LGA","DCA",0,0,"ontime",7
"1564",1564,"US","LGA","DCA",0,0,"ontime",8
"1565",1565,"US","LGA","DCA",0,0,"ontime",9
"1566",1566,"US","LGA","DCA",0,0,"ontime",10
"1567",1567,"US","LGA","DCA",0,0,"ontime",11
"1568",1568,"US","LGA","DCA",0,0,"ontime",12
"1569",1569,"US","LGA","DCA",0,0,"ontime",13
"1570",1570,"US","LGA","DCA",0,0,"ontime",14
"1571",1571,"US","LGA","DCA",0,0,"ontime",15
"1572",1572,"US","LGA","DCA",0,0,"ontime",16
"1573",1573,"US","LGA","DCA",0,0,"ontime",17
"1574",1574,"US","LGA","DCA",0,0,"ontime",18
"1575",1575,"US","LGA","DCA",0,0,"ontime",19
"1576",1576,"US","LGA","DCA",0,0,"ontime",20
"1577",1577,"US","LGA","DCA",0,0,"delayed",21
"1578",1578,"RU","EWR","BWI",0,0,"ontime",7
"1579",1579,"RU","EWR","BWI",0,0,"ontime",10
"1580",1580,"RU","EWR","BWI",0,0,"ontime",14
"1581",1581,"RU","EWR","BWI",0,0,"delayed",17
"1582",1582,"CO","EWR","DCA",0,0,"ontime",13
"1583",1583,"CO","EWR","DCA",0,0,"ontime",7
"1584",1584,"CO","EWR","DCA",0,0,"ontime",19
"1585",1585,"CO","EWR","DCA",0,0,"delayed",17
"1586",1586,"DH","EWR","IAD",0,0,"ontime",8
"1587",1587,"DH","EWR","IAD",0,0,"ontime",17
"1588",1588,"DH","EWR","IAD",0,0,"ontime",12
"1589",1589,"DH","EWR","IAD",0,0,"ontime",21
"1590",1590,"DH","EWR","IAD",0,0,"ontime",6
"1591",1591,"DH","EWR","IAD",0,0,"ontime",14
"1592",1592,"RU","EWR","DCA",0,0,"ontime",13
"1593",1593,"RU","EWR","DCA",0,0,"ontime",15
"1594",1594,"RU","EWR","DCA",0,0,"ontime",16
"1595",1595,"RU","EWR","IAD",0,0,"ontime",13
"1596",1596,"RU","EWR","DCA",0,0,"ontime",6
"1597",1597,"RU","EWR","IAD",0,0,"ontime",15
"1598",1598,"RU","EWR","IAD",0,0,"ontime",17
"1599",1599,"RU","EWR","IAD",0,0,"ontime",7
"1600",1600,"RU","EWR","IAD",0,0,"ontime",19
"1601",1601,"RU","EWR","DCA",0,0,"ontime",21
"1602",1602,"RU","EWR","DCA",0,0,"ontime",9
"1603",1603,"OH","JFK","BWI",0,0,"delayed",14
"1604",1604,"DH","JFK","DCA",0,0,"ontime",16
"1605",1605,"DH","LGA","IAD",0,0,"delayed",12
"1606",1606,"DH","LGA","IAD",0,0,"ontime",17
"1607",1607,"DH","LGA","IAD",0,0,"delayed",21
"1608",1608,"DH","LGA","IAD",0,0,"ontime",6
"1609",1609,"DH","LGA","IAD",0,0,"ontime",10
"1610",1610,"DH","JFK","IAD",0,0,"ontime",8
"1611",1611,"DH","JFK","IAD",0,0,"ontime",12
"1612",1612,"DH","JFK","IAD",0,0,"ontime",14
"1613",1613,"DH","JFK","IAD",0,0,"ontime",16
"1614",1614,"DH","JFK","IAD",0,0,"ontime",17
"1615",1615,"DH","JFK","IAD",0,0,"ontime",21
"1616",1616,"DH","JFK","IAD",0,0,"ontime",16
"1617",1617,"DL","JFK","DCA",0,0,"ontime",14
"1618",1618,"DL","LGA","DCA",0,0,"ontime",6
"1619",1619,"DL","LGA","DCA",0,0,"ontime",7
"1620",1620,"DL","LGA","DCA",0,0,"ontime",8
"1621",1621,"DL","LGA","DCA",0,0,"ontime",9
"1622",1622,"DL","LGA","DCA",0,0,"ontime",10
"1623",1623,"DL","LGA","DCA",0,0,"ontime",11
"1624",1624,"DL","LGA","DCA",0,0,"ontime",12
"1625",1625,"DL","LGA","DCA",0,0,"ontime",14
"1626",1626,"DL","LGA","DCA",0,0,"ontime",15
"1627",1627,"DL","LGA","DCA",0,0,"ontime",16
"1628",1628,"DL","LGA","DCA",0,0,"ontime",17
"1629",1629,"DL","LGA","DCA",0,0,"ontime",18
"1630",1630,"DL","LGA","DCA",0,0,"ontime",19
"1631",1631,"DL","LGA","DCA",0,0,"ontime",20
"1632",1632,"MQ","JFK","DCA",0,0,"delayed",15
"1633",1633,"MQ","JFK","DCA",0,0,"ontime",6
"1634",1634,"MQ","JFK","DCA",0,0,"ontime",18
"1635",1635,"MQ","LGA","DCA",0,0,"ontime",7
"1636",1636,"MQ","LGA","DCA",0,0,"ontime",8
"1637",1637,"MQ","LGA","DCA",0,0,"ontime",9
"1638",1638,"MQ","LGA","DCA",0,0,"ontime",11
"1639",1639,"MQ","LGA","DCA",0,0,"delayed",13
"1640",1640,"MQ","LGA","DCA",0,0,"ontime",14
"1641",1641,"MQ","LGA","DCA",0,0,"ontime",17
"1642",1642,"MQ","LGA","DCA",0,0,"ontime",19
"1643",1643,"UA","LGA","IAD",0,0,"ontime",8
"1644",1644,"US","LGA","DCA",0,0,"ontime",6
"1645",1645,"US","LGA","DCA",0,0,"ontime",7
"1646",1646,"US","LGA","DCA",0,0,"ontime",8
"1647",1647,"US","LGA","DCA",0,0,"ontime",9
"1648",1648,"US","LGA","DCA",0,0,"ontime",10
"1649",1649,"US","LGA","DCA",0,0,"ontime",11
"1650",1650,"US","LGA","DCA",0,0,"ontime",12
"1651",1651,"US","LGA","DCA",0,0,"delayed",13
"1652",1652,"US","LGA","DCA",0,0,"ontime",14
"1653",1653,"US","LGA","DCA",0,0,"ontime",15
"1654",1654,"US","LGA","DCA",0,0,"ontime",17
"1655",1655,"US","LGA","DCA",0,0,"ontime",18
"1656",1656,"US","LGA","DCA",0,0,"ontime",19
"1657",1657,"US","LGA","DCA",0,0,"ontime",20
"1658",1658,"US","LGA","DCA",0,0,"ontime",21
"1659",1659,"RU","EWR","BWI",0,0,"delayed",14
"1660",1660,"RU","EWR","BWI",0,0,"ontime",10
"1661",1661,"RU","EWR","BWI",0,0,"ontime",17
"1662",1662,"RU","EWR","BWI",0,0,"ontime",7
"1663",1663,"CO","EWR","DCA",0,0,"ontime",17
"1664",1664,"CO","EWR","DCA",0,0,"ontime",13
"1665",1665,"CO","EWR","DCA",0,0,"ontime",7
"1666",1666,"CO","EWR","DCA",0,0,"delayed",19
"1667",1667,"DH","EWR","IAD",0,0,"ontime",8
"1668",1668,"DH","EWR","IAD",0,0,"delayed",17
"1669",1669,"DH","EWR","IAD",0,0,"ontime",12
"1670",1670,"DH","EWR","IAD",0,0,"delayed",21
"1671",1671,"DH","EWR","IAD",0,0,"ontime",6
"1672",1672,"DH","EWR","IAD",0,0,"ontime",14
"1673",1673,"RU","EWR","DCA",0,0,"ontime",21
"1674",1674,"RU","EWR","DCA",0,0,"ontime",16
"1675",1675,"RU","EWR","IAD",0,0,"ontime",7
"1676",1676,"RU","EWR","DCA",0,0,"ontime",6
"1677",1677,"RU","EWR","IAD",0,0,"ontime",15
"1678",1678,"RU","EWR","IAD",0,0,"ontime",19
"1679",1679,"RU","EWR","IAD",0,0,"ontime",13
"1680",1680,"RU","EWR","DCA",0,0,"delayed",15
"1681",1681,"RU","EWR","IAD",0,0,"ontime",17
"1682",1682,"RU","EWR","DCA",0,0,"ontime",9
"1683",1683,"RU","EWR","DCA",0,0,"ontime",13
"1684",1684,"OH","JFK","BWI",0,0,"ontime",14
"1685",1685,"DH","JFK","DCA",0,0,"ontime",16
"1686",1686,"DH","LGA","IAD",0,0,"ontime",12
"1687",1687,"DH","LGA","IAD",0,0,"ontime",17
"1688",1688,"DH","LGA","IAD",0,0,"ontime",21
"1689",1689,"DH","JFK","IAD",0,0,"ontime",8
"1690",1690,"DH","JFK","IAD",0,0,"ontime",12
"1691",1691,"DH","JFK","IAD",0,0,"ontime",16
"1692",1692,"DH","JFK","IAD",0,0,"delayed",17
"1693",1693,"DH","JFK","IAD",0,0,"ontime",21
"1694",1694,"DH","JFK","IAD",0,0,"ontime",18
"1695",1695,"DL","JFK","DCA",0,0,"delayed",14
"1696",1696,"DL","LGA","DCA",0,0,"ontime",7
"1697",1697,"DL","LGA","DCA",0,0,"ontime",8
"1698",1698,"DL","LGA","DCA",0,0,"ontime",10
"1699",1699,"DL","LGA","DCA",0,0,"ontime",12
"1700",1700,"DL","LGA","DCA",0,0,"ontime",14
"1701",1701,"DL","LGA","DCA",0,0,"ontime",16
"1702",1702,"DL","LGA","DCA",0,0,"ontime",18
"1703",1703,"DL","LGA","DCA",0,0,"ontime",20
"1704",1704,"MQ","JFK","DCA",0,0,"ontime",15
"1705",1705,"MQ","JFK","DCA",0,0,"ontime",6
"1706",1706,"MQ","JFK","DCA",0,0,"ontime",18
"1707",1707,"MQ","LGA","DCA",0,0,"delayed",9
"1708",1708,"MQ","LGA","DCA",0,0,"ontime",13
"1709",1709,"UA","LGA","IAD",0,0,"ontime",8
"1710",1710,"US","LGA","DCA",0,0,"ontime",7
"1711",1711,"US","LGA","DCA",0,0,"ontime",9
"1712",1712,"US","LGA","DCA",0,0,"ontime",11
"1713",1713,"US","LGA","DCA",0,0,"ontime",13
"1714",1714,"US","LGA","DCA",0,0,"ontime",15
"1715",1715,"US","LGA","DCA",0,0,"ontime",17
"1716",1716,"US","LGA","DCA",0,0,"ontime",19
"1717",1717,"RU","EWR","BWI",0,0,"ontime",14
"1718",1718,"RU","EWR","BWI",0,0,"ontime",17
"1719",1719,"RU","EWR","BWI",0,0,"delayed",7
"1720",1720,"RU","EWR","BWI",0,0,"ontime",10
"1721",1721,"CO","EWR","DCA",0,0,"ontime",13
"1722",1722,"DH","EWR","IAD",0,0,"ontime",8
"1723",1723,"DH","EWR","IAD",0,0,"ontime",17
"1724",1724,"DH","EWR","IAD",0,0,"ontime",12
"1725",1725,"DH","EWR","IAD",0,0,"ontime",21
"1726",1726,"RU","EWR","DCA",0,0,"ontime",9
"1727",1727,"RU","EWR","IAD",0,0,"ontime",15
"1728",1728,"RU","EWR","DCA",0,0,"ontime",16
"1729",1729,"RU","EWR","IAD",0,0,"delayed",7
"1730",1730,"RU","EWR","DCA",0,0,"ontime",6
"1731",1731,"RU","EWR","DCA",0,0,"ontime",13
"1732",1732,"RU","EWR","IAD",0,0,"ontime",17
"1733",1733,"RU","EWR","DCA",0,0,"ontime",17
"1734",1734,"OH","JFK","BWI",0,0,"ontime",14
"1735",1735,"DH","JFK","DCA",0,0,"ontime",16
"1736",1736,"DH","LGA","IAD",0,0,"ontime",12
"1737",1737,"DH","LGA","IAD",0,0,"ontime",14
"1738",1738,"DH","LGA","IAD",0,0,"delayed",17
"1739",1739,"DH","LGA","IAD",0,0,"delayed",21
"1740",1740,"DH","JFK","IAD",0,0,"ontime",8
"1741",1741,"DH","JFK","IAD",0,0,"delayed",12
"1742",1742,"DH","JFK","IAD",0,0,"ontime",14
"1743",1743,"DH","JFK","IAD",0,0,"ontime",16
"1744",1744,"DH","JFK","IAD",0,0,"delayed",17
"1745",1745,"DH","JFK","IAD",1,0,"delayed",21
"1746",1746,"DH","JFK","IAD",0,0,"ontime",16
"1747",1747,"DL","JFK","DCA",0,0,"delayed",14
"1748",1748,"DL","LGA","DCA",0,0,"ontime",8
"1749",1749,"DL","LGA","DCA",0,0,"ontime",10
"1750",1750,"DL","LGA","DCA",0,0,"ontime",11
"1751",1751,"DL","LGA","DCA",0,0,"ontime",12
"1752",1752,"DL","LGA","DCA",0,0,"ontime",13
"1753",1753,"DL","LGA","DCA",0,0,"ontime",14
"1754",1754,"DL","LGA","DCA",0,0,"ontime",15
"1755",1755,"DL","LGA","DCA",0,0,"ontime",16
"1756",1756,"DL","LGA","DCA",0,0,"ontime",17
"1757",1757,"DL","LGA","DCA",0,0,"ontime",18
"1758",1758,"DL","LGA","DCA",0,0,"ontime",19
"1759",1759,"DL","LGA","DCA",0,0,"ontime",20
"1760",1760,"MQ","JFK","DCA",0,0,"delayed",15
"1761",1761,"MQ","JFK","DCA",0,0,"ontime",9
"1762",1762,"MQ","JFK","DCA",0,0,"ontime",18
"1763",1763,"MQ","LGA","DCA",0,0,"ontime",13
"1764",1764,"MQ","LGA","DCA",0,0,"delayed",15
"1765",1765,"MQ","LGA","DCA",0,0,"ontime",17
"1766",1766,"MQ","LGA","DCA",0,0,"ontime",19
"1767",1767,"UA","LGA","IAD",0,0,"ontime",8
"1768",1768,"US","LGA","DCA",0,0,"ontime",9
"1769",1769,"US","LGA","DCA",0,0,"ontime",10
"1770",1770,"US","LGA","DCA",0,0,"ontime",11
"1771",1771,"US","LGA","DCA",0,0,"ontime",12
"1772",1772,"US","LGA","DCA",0,0,"ontime",13
"1773",1773,"US","LGA","DCA",0,0,"ontime",14
"1774",1774,"US","LGA","DCA",0,0,"ontime",15
"1775",1775,"US","LGA","DCA",0,0,"ontime",16
"1776",1776,"US","LGA","DCA",0,0,"ontime",17
"1777",1777,"US","LGA","DCA",0,0,"ontime",18
"1778",1778,"US","LGA","DCA",0,0,"ontime",19
"1779",1779,"US","LGA","DCA",0,0,"ontime",20
"1780",1780,"US","LGA","DCA",0,0,"delayed",21
"1781",1781,"RU","EWR","BWI",0,0,"ontime",14
"1782",1782,"RU","EWR","BWI",0,0,"delayed",10
"1783",1783,"RU","EWR","BWI",0,0,"ontime",17
"1784",1784,"RU","EWR","BWI",0,0,"ontime",13
"1785",1785,"CO","EWR","DCA",0,0,"ontime",16
"1786",1786,"CO","EWR","DCA",0,0,"ontime",13
"1787",1787,"CO","EWR","DCA",0,0,"ontime",19
"1788",1788,"DH","EWR","IAD",0,0,"ontime",8
"1789",1789,"DH","EWR","IAD",0,0,"ontime",17
"1790",1790,"DH","EWR","IAD",0,0,"ontime",12
"1791",1791,"DH","EWR","IAD",0,0,"delayed",21
"1792",1792,"DH","EWR","IAD",0,0,"delayed",14
"1793",1793,"RU","EWR","DCA",0,0,"delayed",21
"1794",1794,"RU","EWR","DCA",0,0,"ontime",9
"1795",1795,"RU","EWR","IAD",0,0,"ontime",8
"1796",1796,"RU","EWR","IAD",0,0,"delayed",19
"1797",1797,"RU","EWR","IAD",0,0,"ontime",15
"1798",1798,"RU","EWR","IAD",0,0,"ontime",17
"1799",1799,"RU","EWR","DCA",0,0,"ontime",13
"1800",1800,"RU","EWR","DCA",0,0,"ontime",17
"1801",1801,"OH","JFK","BWI",0,1,"ontime",14
"1802",1802,"DH","LGA","IAD",0,1,"ontime",12
"1803",1803,"DH","LGA","IAD",0,1,"delayed",14
"1804",1804,"DH","LGA","IAD",0,1,"delayed",17
"1805",1805,"DH","LGA","IAD",0,1,"delayed",21
"1806",1806,"DH","LGA","IAD",0,1,"delayed",6
"1807",1807,"DH","LGA","IAD",0,1,"delayed",10
"1808",1808,"DH","JFK","IAD",0,1,"ontime",8
"1809",1809,"DH","JFK","IAD",0,1,"ontime",12
"1810",1810,"DH","JFK","IAD",0,1,"delayed",14
"1811",1811,"DH","JFK","IAD",0,1,"delayed",16
"1812",1812,"DH","JFK","IAD",0,1,"delayed",17
"1813",1813,"DH","JFK","IAD",0,1,"ontime",21
"1814",1814,"DH","JFK","IAD",0,1,"ontime",16
"1815",1815,"DL","JFK","DCA",1,1,"delayed",14
"1816",1816,"DL","LGA","DCA",1,1,"delayed",7
"1817",1817,"DL","LGA","DCA",0,1,"ontime",9
"1818",1818,"DL","LGA","DCA",0,1,"ontime",10
"1819",1819,"DL","LGA","DCA",0,1,"ontime",11
"1820",1820,"DL","LGA","DCA",0,1,"ontime",12
"1821",1821,"DL","LGA","DCA",0,1,"ontime",13
"1822",1822,"DL","LGA","DCA",0,1,"delayed",14
"1823",1823,"DL","LGA","DCA",1,1,"delayed",15
"1824",1824,"DL","LGA","DCA",0,1,"ontime",16
"1825",1825,"DL","LGA","DCA",0,1,"ontime",17
"1826",1826,"DL","LGA","DCA",0,1,"ontime",19
"1827",1827,"DL","LGA","DCA",0,1,"ontime",20
"1828",1828,"MQ","JFK","DCA",1,1,"delayed",15
"1829",1829,"MQ","JFK","DCA",1,1,"delayed",18
"1830",1830,"MQ","LGA","DCA",1,1,"delayed",8
"1831",1831,"MQ","LGA","DCA",1,1,"delayed",9
"1832",1832,"MQ","LGA","DCA",1,1,"delayed",13
"1833",1833,"MQ","LGA","DCA",1,1,"delayed",19
"1834",1834,"UA","LGA","IAD",1,1,"delayed",8
"1835",1835,"US","LGA","DCA",0,1,"delayed",6
"1836",1836,"US","LGA","DCA",0,1,"delayed",7
"1837",1837,"US","LGA","DCA",0,1,"ontime",8
"1838",1838,"US","LGA","DCA",1,1,"delayed",9
"1839",1839,"US","LGA","DCA",0,1,"ontime",10
"1840",1840,"US","LGA","DCA",0,1,"delayed",11
"1841",1841,"US","LGA","DCA",0,1,"ontime",14
"1842",1842,"US","LGA","DCA",0,1,"ontime",16
"1843",1843,"US","LGA","DCA",0,1,"ontime",17
"1844",1844,"US","LGA","DCA",0,1,"ontime",18
"1845",1845,"US","LGA","DCA",0,1,"ontime",19
"1846",1846,"US","LGA","DCA",0,1,"ontime",20
"1847",1847,"US","LGA","DCA",0,1,"delayed",21
"1848",1848,"RU","EWR","BWI",0,1,"delayed",17
"1849",1849,"RU","EWR","BWI",0,1,"ontime",14
"1850",1850,"CO","EWR","DCA",1,1,"delayed",7
"1851",1851,"CO","EWR","DCA",0,1,"delayed",19
"1852",1852,"CO","EWR","DCA",0,1,"ontime",13
"1853",1853,"DH","EWR","IAD",0,1,"ontime",8
"1854",1854,"DH","EWR","IAD",0,1,"delayed",12
"1855",1855,"DH","EWR","IAD",0,1,"delayed",21
"1856",1856,"DH","EWR","IAD",0,1,"ontime",6
"1857",1857,"DH","EWR","IAD",1,1,"delayed",14
"1858",1858,"RU","EWR","IAD",0,1,"delayed",15
"1859",1859,"RU","EWR","DCA",0,1,"ontime",21
"1860",1860,"RU","EWR","DCA",0,1,"ontime",9
"1861",1861,"RU","EWR","IAD",0,1,"delayed",19
"1862",1862,"RU","EWR","IAD",0,1,"ontime",13
"1863",1863,"RU","EWR","IAD",0,1,"delayed",17
"1864",1864,"RU","EWR","DCA",0,1,"ontime",13
"1865",1865,"RU","EWR","DCA",1,1,"delayed",15
"1866",1866,"OH","JFK","BWI",0,1,"ontime",14
"1867",1867,"DH","JFK","DCA",0,1,"delayed",16
"1868",1868,"DH","LGA","IAD",1,1,"delayed",12
"1869",1869,"DH","LGA","IAD",1,1,"delayed",14
"1870",1870,"DH","LGA","IAD",1,1,"delayed",17
"1871",1871,"DH","LGA","IAD",1,1,"delayed",6
"1872",1872,"DH","LGA","IAD",0,1,"ontime",10
"1873",1873,"DH","JFK","IAD",0,1,"delayed",8
"1874",1874,"DH","JFK","IAD",0,1,"delayed",12
"1875",1875,"DH","JFK","IAD",1,1,"delayed",14
"1876",1876,"DH","JFK","IAD",1,1,"delayed",17
"1877",1877,"DH","JFK","IAD",1,1,"delayed",21
"1878",1878,"DL","JFK","DCA",0,1,"delayed",14
"1879",1879,"DL","LGA","DCA",0,1,"ontime",7
"1880",1880,"DL","LGA","DCA",0,1,"delayed",8
"1881",1881,"DL","LGA","DCA",0,1,"ontime",10
"1882",1882,"DL","LGA","DCA",0,1,"ontime",12
"1883",1883,"DL","LGA","DCA",0,1,"ontime",14
"1884",1884,"DL","LGA","DCA",0,1,"delayed",16
"1885",1885,"DL","LGA","DCA",0,1,"delayed",18
"1886",1886,"DL","LGA","DCA",0,1,"delayed",20
"1887",1887,"MQ","JFK","DCA",0,1,"delayed",15
"1888",1888,"MQ","JFK","DCA",1,1,"delayed",18
"1889",1889,"MQ","LGA","DCA",0,1,"delayed",7
"1890",1890,"MQ","LGA","DCA",0,1,"ontime",8
"1891",1891,"MQ","LGA","DCA",1,1,"delayed",14
"1892",1892,"MQ","LGA","DCA",0,1,"ontime",15
"1893",1893,"MQ","LGA","DCA",1,1,"delayed",16
"1894",1894,"UA","LGA","IAD",1,1,"delayed",8
"1895",1895,"US","LGA","DCA",0,1,"ontime",6
"1896",1896,"US","LGA","DCA",0,1,"ontime",7
"1897",1897,"US","LGA","DCA",0,1,"ontime",8
"1898",1898,"US","LGA","DCA",0,1,"ontime",9
"1899",1899,"US","LGA","DCA",0,1,"ontime",10
"1900",1900,"US","LGA","DCA",0,1,"ontime",11
"1901",1901,"US","LGA","DCA",0,1,"ontime",12
"1902",1902,"US","LGA","DCA",0,1,"ontime",13
"1903",1903,"US","LGA","DCA",0,1,"ontime",14
"1904",1904,"US","LGA","DCA",0,1,"ontime",15
"1905",1905,"US","LGA","DCA",0,1,"ontime",16
"1906",1906,"US","LGA","DCA",0,1,"ontime",17
"1907",1907,"RU","EWR","BWI",0,1,"delayed",7
"1908",1908,"CO","EWR","DCA",1,1,"delayed",17
"1909",1909,"CO","EWR","DCA",0,1,"delayed",13
"1910",1910,"DH","EWR","IAD",0,1,"delayed",8
"1911",1911,"DH","EWR","IAD",1,1,"delayed",17
"1912",1912,"DH","EWR","IAD",0,1,"delayed",12
"1913",1913,"DH","EWR","IAD",0,1,"delayed",21
"1914",1914,"DH","EWR","IAD",1,1,"delayed",14
"1915",1915,"RU","EWR","IAD",0,1,"delayed",15
"1916",1916,"RU","EWR","IAD",1,1,"delayed",7
"1917",1917,"RU","EWR","DCA",0,1,"ontime",6
"1918",1918,"OH","JFK","BWI",0,0,"ontime",14
"1919",1919,"DH","JFK","DCA",0,0,"ontime",16
"1920",1920,"DH","LGA","IAD",0,0,"ontime",12
"1921",1921,"DH","LGA","IAD",0,0,"delayed",14
"1922",1922,"DH","LGA","IAD",0,0,"ontime",17
"1923",1923,"DH","LGA","IAD",0,0,"delayed",21
"1924",1924,"DH","LGA","IAD",0,0,"ontime",6
"1925",1925,"DH","LGA","IAD",0,0,"ontime",10
"1926",1926,"DH","JFK","IAD",0,0,"delayed",8
"1927",1927,"DH","JFK","IAD",0,0,"delayed",12
"1928",1928,"DH","JFK","IAD",0,0,"ontime",14
"1929",1929,"DH","JFK","IAD",0,0,"ontime",16
"1930",1930,"DH","JFK","IAD",0,0,"delayed",17
"1931",1931,"DH","JFK","IAD",0,0,"ontime",21
"1932",1932,"DH","JFK","IAD",0,0,"ontime",16
"1933",1933,"DL","JFK","DCA",0,0,"ontime",14
"1934",1934,"DL","LGA","DCA",0,0,"ontime",7
"1935",1935,"DL","LGA","DCA",0,0,"ontime",9
"1936",1936,"DL","LGA","DCA",0,0,"ontime",11
"1937",1937,"DL","LGA","DCA",0,0,"ontime",13
"1938",1938,"DL","LGA","DCA",0,0,"ontime",15
"1939",1939,"DL","LGA","DCA",0,0,"ontime",17
"1940",1940,"DL","LGA","DCA",0,0,"ontime",18
"1941",1941,"DL","LGA","DCA",0,0,"delayed",20
"1942",1942,"MQ","JFK","DCA",0,0,"ontime",15
"1943",1943,"MQ","JFK","DCA",0,0,"ontime",18
"1944",1944,"MQ","LGA","DCA",0,0,"delayed",8
"1945",1945,"MQ","LGA","DCA",0,0,"delayed",14
"1946",1946,"MQ","LGA","DCA",0,0,"ontime",15
"1947",1947,"MQ","LGA","DCA",0,0,"ontime",16
"1948",1948,"MQ","LGA","DCA",0,0,"delayed",17
"1949",1949,"MQ","LGA","DCA",0,0,"delayed",19
"1950",1950,"UA","LGA","IAD",0,0,"ontime",8
"1951",1951,"US","LGA","DCA",0,0,"ontime",6
"1952",1952,"US","LGA","DCA",0,0,"ontime",7
"1953",1953,"US","LGA","DCA",0,0,"delayed",8
"1954",1954,"US","LGA","DCA",0,0,"delayed",9
"1955",1955,"US","LGA","DCA",0,0,"ontime",10
"1956",1956,"US","LGA","DCA",0,0,"ontime",11
"1957",1957,"US","LGA","DCA",0,0,"ontime",13
"1958",1958,"US","LGA","DCA",0,0,"delayed",15
"1959",1959,"US","LGA","DCA",0,0,"delayed",16
"1960",1960,"US","LGA","DCA",0,0,"ontime",17
"1961",1961,"US","LGA","DCA",0,0,"ontime",18
"1962",1962,"US","LGA","DCA",0,0,"ontime",19
"1963",1963,"US","LGA","DCA",0,0,"delayed",20
"1964",1964,"US","LGA","DCA",0,0,"ontime",21
"1965",1965,"RU","EWR","BWI",0,0,"ontime",14
"1966",1966,"RU","EWR","BWI",0,0,"ontime",10
"1967",1967,"RU","EWR","BWI",0,0,"delayed",17
"1968",1968,"CO","EWR","DCA",0,0,"ontime",17
"1969",1969,"CO","EWR","DCA",0,0,"delayed",19
"1970",1970,"CO","EWR","DCA",0,0,"ontime",13
"1971",1971,"DH","EWR","IAD",0,0,"ontime",8
"1972",1972,"DH","EWR","IAD",0,0,"delayed",17
"1973",1973,"DH","EWR","IAD",0,0,"delayed",12
"1974",1974,"DH","EWR","IAD",0,0,"ontime",21
"1975",1975,"DH","EWR","IAD",0,0,"ontime",6
"1976",1976,"DH","EWR","IAD",0,0,"ontime",14
"1977",1977,"RU","EWR","DCA",0,0,"ontime",13
"1978",1978,"RU","EWR","IAD",0,0,"ontime",17
"1979",1979,"RU","EWR","DCA",0,0,"delayed",21
"1980",1980,"RU","EWR","IAD",0,0,"ontime",19
"1981",1981,"RU","EWR","DCA",0,0,"ontime",16
"1982",1982,"RU","EWR","DCA",0,0,"delayed",9
"1983",1983,"RU","EWR","IAD",0,0,"ontime",7
"1984",1984,"RU","EWR","DCA",0,0,"ontime",15
"1985",1985,"RU","EWR","IAD",0,0,"ontime",15
"1986",1986,"OH","JFK","BWI",0,0,"ontime",14
"1987",1987,"DH","JFK","DCA",0,0,"ontime",16
"1988",1988,"DH","LGA","IAD",0,0,"delayed",12
"1989",1989,"DH","LGA","IAD",0,0,"delayed",14
"1990",1990,"DH","LGA","IAD",0,0,"delayed",17
"1991",1991,"DH","LGA","IAD",0,0,"ontime",21
"1992",1992,"DH","LGA","IAD",0,0,"delayed",6
"1993",1993,"DH","JFK","IAD",0,0,"ontime",8
"1994",1994,"DH","JFK","IAD",0,0,"ontime",12
"1995",1995,"DH","JFK","IAD",0,0,"ontime",14
"1996",1996,"DH","JFK","IAD",0,0,"ontime",16
"1997",1997,"DH","JFK","IAD",0,0,"ontime",17
"1998",1998,"DH","JFK","IAD",0,0,"ontime",21
"1999",1999,"DH","JFK","IAD",0,0,"ontime",16
"2000",2000,"DL","JFK","DCA",0,0,"delayed",14
"2001",2001,"DL","LGA","DCA",0,0,"ontime",6
"2002",2002,"DL","LGA","DCA",0,0,"ontime",7
"2003",2003,"DL","LGA","DCA",0,0,"delayed",8
"2004",2004,"DL","LGA","DCA",0,0,"ontime",10
"2005",2005,"DL","LGA","DCA",0,0,"ontime",11
"2006",2006,"DL","LGA","DCA",0,0,"ontime",12
"2007",2007,"DL","LGA","DCA",0,0,"ontime",13
"2008",2008,"DL","LGA","DCA",0,0,"ontime",14
"2009",2009,"DL","LGA","DCA",0,0,"ontime",15
"2010",2010,"DL","LGA","DCA",0,0,"ontime",16
"2011",2011,"DL","LGA","DCA",0,0,"ontime",17
"2012",2012,"DL","LGA","DCA",0,0,"ontime",18
"2013",2013,"DL","LGA","DCA",0,0,"ontime",19
"2014",2014,"DL","LGA","DCA",0,0,"ontime",20
"2015",2015,"MQ","JFK","DCA",0,0,"delayed",15
"2016",2016,"MQ","JFK","DCA",0,0,"ontime",6
"2017",2017,"MQ","JFK","DCA",0,0,"ontime",18
"2018",2018,"MQ","LGA","DCA",0,0,"delayed",7
"2019",2019,"MQ","LGA","DCA",0,0,"ontime",8
"2020",2020,"MQ","LGA","DCA",0,0,"ontime",9
"2021",2021,"MQ","LGA","DCA",0,0,"ontime",13
"2022",2022,"MQ","LGA","DCA",0,0,"delayed",14
"2023",2023,"MQ","LGA","DCA",0,0,"delayed",15
"2024",2024,"MQ","LGA","DCA",0,0,"ontime",17
"2025",2025,"MQ","LGA","DCA",0,0,"ontime",19
"2026",2026,"UA","LGA","IAD",0,0,"ontime",8
"2027",2027,"US","LGA","DCA",0,0,"ontime",6
"2028",2028,"US","LGA","DCA",0,0,"delayed",7
"2029",2029,"US","LGA","DCA",0,0,"ontime",8
"2030",2030,"US","LGA","DCA",0,0,"ontime",9
"2031",2031,"US","LGA","DCA",0,0,"ontime",10
"2032",2032,"US","LGA","DCA",0,0,"ontime",11
"2033",2033,"US","LGA","DCA",0,0,"ontime",12
"2034",2034,"US","LGA","DCA",0,0,"ontime",13
"2035",2035,"US","LGA","DCA",0,0,"ontime",14
"2036",2036,"US","LGA","DCA",0,0,"ontime",15
"2037",2037,"US","LGA","DCA",0,0,"ontime",16
"2038",2038,"US","LGA","DCA",0,0,"ontime",17
"2039",2039,"US","LGA","DCA",0,0,"ontime",18
"2040",2040,"US","LGA","DCA",0,0,"ontime",19
"2041",2041,"US","LGA","DCA",0,0,"ontime",20
"2042",2042,"US","LGA","DCA",0,0,"ontime",21
"2043",2043,"RU","EWR","BWI",0,0,"ontime",17
"2044",2044,"RU","EWR","BWI",0,0,"ontime",7
"2045",2045,"RU","EWR","BWI",0,0,"ontime",10
"2046",2046,"RU","EWR","BWI",0,0,"ontime",14
"2047",2047,"CO","EWR","DCA",0,0,"ontime",13
"2048",2048,"CO","EWR","DCA",0,0,"ontime",17
"2049",2049,"CO","EWR","DCA",0,0,"ontime",7
"2050",2050,"CO","EWR","DCA",0,0,"ontime",19
"2051",2051,"DH","EWR","IAD",0,0,"delayed",8
"2052",2052,"DH","EWR","IAD",0,0,"ontime",17
"2053",2053,"DH","EWR","IAD",0,0,"ontime",12
"2054",2054,"DH","EWR","IAD",0,0,"delayed",21
"2055",2055,"DH","EWR","IAD",0,0,"ontime",6
"2056",2056,"DH","EWR","IAD",0,0,"ontime",14
"2057",2057,"RU","EWR","DCA",0,0,"ontime",21
"2058",2058,"RU","EWR","DCA",0,0,"ontime",16
"2059",2059,"RU","EWR","IAD",0,0,"ontime",15
"2060",2060,"RU","EWR","DCA",0,0,"ontime",6
"2061",2061,"RU","EWR","IAD",0,0,"ontime",7
"2062",2062,"RU","EWR","IAD",0,0,"ontime",19
"2063",2063,"RU","EWR","DCA",0,0,"delayed",13
"2064",2064,"RU","EWR","IAD",0,0,"ontime",13
"2065",2065,"RU","EWR","DCA",0,0,"delayed",15
"2066",2066,"RU","EWR","DCA",0,0,"ontime",9
"2067",2067,"RU","EWR","IAD",0,0,"ontime",17
"2068",2068,"OH","JFK","BWI",0,0,"ontime",14
"2069",2069,"DH","JFK","DCA",0,0,"ontime",16
"2070",2070,"DH","LGA","IAD",0,0,"ontime",12
"2071",2071,"DH","LGA","IAD",0,0,"delayed",14
"2072",2072,"DH","LGA","IAD",0,0,"ontime",17
"2073",2073,"DH","LGA","IAD",0,0,"ontime",21
"2074",2074,"DH","LGA","IAD",0,0,"ontime",6
"2075",2075,"DH","LGA","IAD",0,0,"ontime",10
"2076",2076,"DH","JFK","IAD",0,0,"ontime",8
"2077",2077,"DH","JFK","IAD",0,0,"ontime",12
"2078",2078,"DH","JFK","IAD",0,0,"ontime",14
"2079",2079,"DH","JFK","IAD",0,0,"ontime",16
"2080",2080,"DH","JFK","IAD",0,0,"ontime",17
"2081",2081,"DH","JFK","IAD",0,0,"delayed",21
"2082",2082,"DH","JFK","IAD",0,0,"ontime",16
"2083",2083,"DL","JFK","DCA",0,0,"delayed",14
"2084",2084,"DL","LGA","DCA",0,0,"ontime",6
"2085",2085,"DL","LGA","DCA",0,0,"ontime",7
"2086",2086,"DL","LGA","DCA",0,0,"ontime",8
"2087",2087,"DL","LGA","DCA",0,0,"ontime",9
"2088",2088,"DL","LGA","DCA",0,0,"ontime",10
"2089",2089,"DL","LGA","DCA",0,0,"ontime",11
"2090",2090,"DL","LGA","DCA",0,0,"ontime",12
"2091",2091,"DL","LGA","DCA",0,0,"ontime",13
"2092",2092,"DL","LGA","DCA",0,0,"ontime",14
"2093",2093,"DL","LGA","DCA",0,0,"ontime",15
"2094",2094,"DL","LGA","DCA",0,0,"ontime",16
"2095",2095,"DL","LGA","DCA",0,0,"ontime",17
"2096",2096,"DL","LGA","DCA",0,0,"ontime",18
"2097",2097,"DL","LGA","DCA",0,0,"ontime",19
"2098",2098,"DL","LGA","DCA",0,0,"ontime",20
"2099",2099,"MQ","JFK","DCA",0,0,"ontime",15
"2100",2100,"MQ","JFK","DCA",0,0,"ontime",18
"2101",2101,"MQ","LGA","DCA",0,0,"ontime",7
"2102",2102,"MQ","LGA","DCA",1,0,"delayed",8
"2103",2103,"MQ","LGA","DCA",0,0,"ontime",9
"2104",2104,"MQ","LGA","DCA",0,0,"ontime",11
"2105",2105,"MQ","LGA","DCA",0,0,"ontime",13
"2106",2106,"MQ","LGA","DCA",0,0,"ontime",14
"2107",2107,"MQ","LGA","DCA",0,0,"ontime",15
"2108",2108,"MQ","LGA","DCA",0,0,"delayed",16
"2109",2109,"MQ","LGA","DCA",0,0,"ontime",17
"2110",2110,"UA","LGA","IAD",0,0,"ontime",8
"2111",2111,"US","LGA","DCA",0,0,"ontime",6
"2112",2112,"US","LGA","DCA",0,0,"ontime",7
"2113",2113,"US","LGA","DCA",0,0,"ontime",8
"2114",2114,"US","LGA","DCA",0,0,"ontime",9
"2115",2115,"US","LGA","DCA",0,0,"ontime",10
"2116",2116,"US","LGA","DCA",0,0,"ontime",11
"2117",2117,"US","LGA","DCA",0,0,"ontime",12
"2118",2118,"US","LGA","DCA",0,0,"ontime",13
"2119",2119,"US","LGA","DCA",0,0,"ontime",14
"2120",2120,"US","LGA","DCA",0,0,"ontime",15
"2121",2121,"US","LGA","DCA",0,0,"ontime",16
"2122",2122,"US","LGA","DCA",0,0,"delayed",17
"2123",2123,"US","LGA","DCA",0,0,"ontime",18
"2124",2124,"US","LGA","DCA",0,0,"ontime",19
"2125",2125,"US","LGA","DCA",0,0,"ontime",20
"2126",2126,"US","LGA","DCA",0,0,"ontime",21
"2127",2127,"RU","EWR","BWI",0,0,"delayed",17
"2128",2128,"RU","EWR","BWI",0,0,"ontime",7
"2129",2129,"RU","EWR","BWI",0,0,"delayed",14
"2130",2130,"RU","EWR","BWI",0,0,"ontime",10
"2131",2131,"CO","EWR","DCA",0,0,"ontime",17
"2132",2132,"CO","EWR","DCA",0,0,"ontime",13
"2133",2133,"CO","EWR","DCA",0,0,"ontime",19
"2134",2134,"CO","EWR","DCA",0,0,"ontime",7
"2135",2135,"DH","EWR","IAD",0,0,"ontime",8
"2136",2136,"DH","EWR","IAD",0,0,"ontime",17
"2137",2137,"DH","EWR","IAD",0,0,"delayed",12
"2138",2138,"DH","EWR","IAD",0,0,"ontime",21
"2139",2139,"DH","EWR","IAD",0,0,"ontime",6
"2140",2140,"DH","EWR","IAD",0,0,"ontime",14
"2141",2141,"RU","EWR","IAD",0,0,"ontime",13
"2142",2142,"RU","EWR","DCA",0,0,"ontime",21
"2143",2143,"RU","EWR","IAD",0,0,"delayed",17
"2144",2144,"RU","EWR","IAD",0,0,"delayed",19
"2145",2145,"RU","EWR","DCA",0,0,"ontime",6
"2146",2146,"RU","EWR","DCA",0,0,"delayed",13
"2147",2147,"RU","EWR","DCA",0,0,"delayed",15
"2148",2148,"RU","EWR","DCA",0,0,"ontime",16
"2149",2149,"RU","EWR","DCA",0,0,"ontime",9
"2150",2150,"RU","EWR","IAD",0,0,"delayed",15
"2151",2151,"RU","EWR","IAD",0,0,"delayed",7
"2152",2152,"OH","JFK","BWI",0,0,"ontime",14
"2153",2153,"DH","JFK","DCA",0,0,"ontime",16
"2154",2154,"DH","LGA","IAD",0,0,"ontime",12
"2155",2155,"DH","LGA","IAD",0,0,"ontime",17
"2156",2156,"DH","LGA","IAD",0,0,"ontime",21
"2157",2157,"DH","JFK","IAD",0,0,"delayed",8
"2158",2158,"DH","JFK","IAD",0,0,"ontime",12
"2159",2159,"DH","JFK","IAD",0,0,"ontime",16
"2160",2160,"DH","JFK","IAD",0,0,"ontime",17
"2161",2161,"DH","JFK","IAD",0,0,"ontime",21
"2162",2162,"DH","JFK","IAD",0,0,"ontime",18
"2163",2163,"DL","JFK","DCA",0,0,"ontime",14
"2164",2164,"DL","LGA","DCA",0,0,"ontime",7
"2165",2165,"DL","LGA","DCA",0,0,"delayed",8
"2166",2166,"DL","LGA","DCA",0,0,"ontime",10
"2167",2167,"DL","LGA","DCA",0,0,"ontime",12
"2168",2168,"DL","LGA","DCA",0,0,"ontime",14
"2169",2169,"DL","LGA","DCA",0,0,"ontime",16
"2170",2170,"DL","LGA","DCA",0,0,"ontime",18
"2171",2171,"DL","LGA","DCA",0,0,"ontime",20
"2172",2172,"MQ","JFK","DCA",0,0,"ontime",15
"2173",2173,"MQ","JFK","DCA",0,0,"ontime",6
"2174",2174,"MQ","JFK","DCA",0,0,"ontime",18
"2175",2175,"MQ","LGA","DCA",0,0,"ontime",9
"2176",2176,"MQ","LGA","DCA",0,0,"ontime",13
"2177",2177,"UA","LGA","IAD",0,0,"ontime",8
"2178",2178,"US","LGA","DCA",0,0,"ontime",7
"2179",2179,"US","LGA","DCA",0,0,"ontime",9
"2180",2180,"US","LGA","DCA",0,0,"ontime",11
"2181",2181,"US","LGA","DCA",0,0,"ontime",13
"2182",2182,"US","LGA","DCA",0,0,"ontime",15
"2183",2183,"US","LGA","DCA",0,0,"ontime",17
"2184",2184,"US","LGA","DCA",0,0,"ontime",19
"2185",2185,"RU","EWR","BWI",0,0,"ontime",10
"2186",2186,"RU","EWR","BWI",0,0,"ontime",14
"2187",2187,"RU","EWR","BWI",0,0,"ontime",17
"2188",2188,"RU","EWR","BWI",0,0,"ontime",7
"2189",2189,"CO","EWR","DCA",0,0,"ontime",13
"2190",2190,"DH","EWR","IAD",0,0,"ontime",8
"2191",2191,"DH","EWR","IAD",0,0,"ontime",17
"2192",2192,"DH","EWR","IAD",0,0,"ontime",12
"2193",2193,"DH","EWR","IAD",0,0,"ontime",21
"2194",2194,"RU","EWR","IAD",0,0,"ontime",15
"2195",2195,"RU","EWR","DCA",0,0,"ontime",9
"2196",2196,"RU","EWR","IAD",0,0,"ontime",7
"2197",2197,"RU","EWR","DCA",0,0,"ontime",6
"2198",2198,"RU","EWR","IAD",0,0,"ontime",17
"2199",2199,"RU","EWR","DCA",0,0,"ontime",16
"2200",2200,"RU","EWR","DCA",0,0,"ontime",13
"2201",2201,"RU","EWR","DCA",0,0,"ontime",17
